rank,year,make,model,trim,trim_tier,price,price_history,trend,weeks_tracked,price_first_seen,price_last_week,price_change_week,price_change_total,mileage,engine,fuel,accident_flag,days_on_market,dealer,seller_type,dealer_address,location,distance_km,distance_method,listing_id,url_region_hint,url_region_status,url,score,source
1,2018,Honda,Odyssey,Unknown,1,12950,No change noted,Unchanged for 1 weeks,1,12950,12950,0,0,248159,Unknown,Gas,Unknown,N/A,Unknown,Private,"Carstairs, AB","Carstairs, AB",,disabled_unverified_location,1740840776,cambridge,unverified_url_evidence,https://www.kijiji.ca/v-cars-trucks/cambridge/2018-honda-odyssey-ex-l-navi-auto-as-is-special-apple-carplay-ho/1740840776,,Kijiji
2,2018,Honda,Odyssey,Unknown,1,19999,No change noted,"Down $1,501 over 3 weeks",3,21500,19999,0,-1501,168000,Unknown,Gas,Unknown,N/A,Unknown,Private,"Carstairs, AB","Carstairs, AB",,disabled_unverified_location,1739958360,longueuil-rive-sud,unverified_url_evidence,https://www.kijiji.ca/v-cars-trucks/longueuil-rive-sud/honda-odyssey-2018/1739958360,,Kijiji
3,2018,Honda,Odyssey,Unknown,1,20599,No change noted,First seen this week,0,20599,20599,0,0,196145,Unknown,Gas,Unknown,N/A,Unknown,Private,"Carstairs, AB","Carstairs, AB",,disabled_unverified_location,1740947509,barrie,unverified_url_evidence,https://www.kijiji.ca/v-cars-trucks/barrie/2018-honda-odyssey-touring/1740947509,,Kijiji
4,2018,Honda,Odyssey,Unknown,1,21000,No change noted,Unchanged for 1 weeks,1,21000,21000,0,0,187000,Unknown,Gas,Unknown,N/A,Unknown,Private,"Carstairs, AB","Carstairs, AB",,disabled_unverified_location,1740818680,hamilton,unverified_url_evidence,https://www.kijiji.ca/v-cars-trucks/hamilton/honda-odyssey/1740818680,,Kijiji
5,2018,Honda,Odyssey,Unknown,1,22000,No change noted,"Down $1,000 over 6 weeks",6,23000,22000,0,-1000,147000,Unknown,Gas,Unknown,N/A,Unknown,Private,"Carstairs, AB","Carstairs, AB",,disabled_unverified_location,1738815449,cape-breton,unverified_url_evidence,https://www.kijiji.ca/v-cars-trucks/cape-breton/2018-honda-odyssey/1738815449,,Kijiji
6,2018,Honda,Odyssey,Unknown,1,22795,No change noted,Down $693 over 6 weeks,6,23488,22998,-203,-693,131903,Unknown,Gas,No accidents reported,N/A,Unknown,Private,"Carstairs, AB","Carstairs, AB",,disabled_unverified_location,1737873763,markham-york-region,unverified_url_evidence,https://www.kijiji.ca/v-cars-trucks/markham-york-region/2018-honda-odyssey-ex-auto-reverse-camera-no-accident-sunroof-re/1737873763,,Kijiji
7,2018,Honda,Odyssey,Unknown,1,23950,No change noted,Unchanged for 1 weeks,1,23950,23950,0,0,188744,Unknown,Gas,Unknown,N/A,Unknown,Private,"Carstairs, AB","Carstairs, AB",,disabled_unverified_location,1740311216,city-of-toronto,unverified_url_evidence,https://www.kijiji.ca/v-cars-trucks/city-of-toronto/2018-honda-odyssey-touring-auto/1740311216,,Kijiji
8,2018,Honda,Odyssey,Unknown,1,24090,No change noted,Up $300 over 3 weeks,3,23790,24090,0,300,135000,Unknown,Gas,Unknown,N/A,Unknown,Private,"Carstairs, AB","Carstairs, AB",,disabled_unverified_location,1739844484,city-of-toronto,unverified_url_evidence,https://www.kijiji.ca/v-cars-trucks/city-of-toronto/2018-honda-odyssey-ex-l-res/1739844484,,Kijiji
9,2018,Honda,Odyssey,Unknown,1,24090,No change noted,Up $300 over 4 weeks,4,23790,24090,0,300,135000,Unknown,Gas,Unknown,N/A,Unknown,Private,"Carstairs, AB","Carstairs, AB",,disabled_unverified_location,1739844669,ottawa,unverified_url_evidence,https://www.kijiji.ca/v-cars-trucks/ottawa/2018-honda-odyssey-ex-l-res/1739844669,,Kijiji
10,2018,Honda,Odyssey,Unknown,1,24090,No change noted,Unchanged for 2 weeks,2,24090,24090,0,0,135000,Unknown,Gas,Unknown,N/A,Unknown,Private,"Carstairs, AB","Carstairs, AB",,disabled_unverified_location,1739889625,bedford,unverified_url_evidence,https://www.kijiji.ca/v-cars-trucks/bedford/2018-honda-odyssey-ex-l-res/1739889625,,Kijiji
11,2018,Honda,Odyssey,Unknown,1,24900,No change noted,Unchanged for 1 weeks,1,24900,24900,0,0,176191,Unknown,Gas,Unknown,N/A,Unknown,Dealer,"Medicine Hat, AB","Medicine Hat, AB",,disabled_unverified_location,1724385261,lethbridge,unverified_url_evidence,https://www.kijiji.ca/v-cars-trucks/lethbridge/2018-honda-odyssey-ex-l/1724385261,,Kijiji
12,2018,Honda,Odyssey,Unknown,1,25880,No change noted,Unchanged for 2 weeks,2,25880,25880,0,0,149249,Unknown,Gas,Unknown,N/A,Unknown,Private,"High River, AB","High River, AB",,disabled_unverified_location,1740333364,kitchener-waterloo,unverified_url_evidence,https://www.kijiji.ca/v-cars-trucks/kitchener-waterloo/2018-honda-odyssey-ex-l-navigation-camera-leather-roof-power-doo/1740333364,,Kijiji
13,2018,Honda,Odyssey,Unknown,1,25995,No change noted,Unchanged for 4 weeks,4,25995,25995,0,0,172000,Unknown,Gas,No accidents reported,N/A,Unknown,Private,"Carstairs, AB","Carstairs, AB",,disabled_unverified_location,1739592119,london,unverified_url_evidence,https://www.kijiji.ca/v-cars-trucks/london/2018-honda-odyssey-ex-l-8-pass-clean-carfax-power-sliding-doo/1739592119,,Kijiji
14,2018,Honda,Odyssey,Unknown,1,25998,No change noted,"Down $1,800 over 7 weeks",7,27798,25998,0,-1800,164543,Unknown,Gas,Unknown,N/A,Unknown,Unknown,"Camrose, AB","Camrose, AB",,disabled_unverified_location,1736549397,st-albert,unverified_url_evidence,https://www.kijiji.ca/v-cars-trucks/st-albert/2018-honda-odyssey-exl-sunroof-nav-driver-alerts-power-doors/1736549397,,Kijiji
15,2018,Honda,Odyssey,Unknown,1,27800,No change noted,Unchanged for 2 weeks,2,27800,27800,0,0,133500,Unknown,Gas,Unknown,N/A,Unknown,Dealer,"Medicine Hat, AB","Medicine Hat, AB",,disabled_unverified_location,1740344985,lethbridge,unverified_url_evidence,https://www.kijiji.ca/v-cars-trucks/lethbridge/honda-odyssey-ex-l/1740344985,,Kijiji
16,2018,Honda,Odyssey,Unknown,1,27998,No change noted,Unchanged for 6 weeks,6,27998,27898,100,0,144802,Unknown,Gas,Unknown,N/A,Unknown,Private,"Carstairs, AB","Carstairs, AB",,disabled_unverified_location,1737979746,london,unverified_url_evidence,https://www.kijiji.ca/v-cars-trucks/london/2018-honda-odyssey-ex-sunroof-8-passenger-adaptive-cruise/1737979746,,Kijiji
17,2018,Honda,Odyssey,Unknown,1,29526,No change noted,Unchanged for 1 weeks,1,29526,29526,0,0,154263,Unknown,Gas,Unknown,N/A,Unknown,Dealer,"Calgary, AB","Calgary, AB",,disabled_unverified_location,1740648983,calgary,unverified_url_evidence,https://www.kijiji.ca/v-cars-trucks/calgary/2018-honda-odyssey-touring/1740648983,,Kijiji
18,2018,Honda,Odyssey,Unknown,1,30000,No change noted,Unchanged for 4 weeks,4,30000,30000,0,0,160000,Unknown,Gas,Unknown,N/A,Unknown,Private,"Calgary, AB","Calgary, AB",,disabled_unverified_location,1737132165,calgary,unverified_url_evidence,https://www.kijiji.ca/v-cars-trucks/calgary/honda-odyssey/1737132165,,Kijiji
19,2018,Honda,Odyssey,Unknown,1,30800,No change noted,Unchanged for 1 weeks,1,30800,30800,0,0,112000,Unknown,Gas,Unknown,N/A,Unknown,Private,"Carstairs, AB","Carstairs, AB",,disabled_unverified_location,1740809156,mississauga-peel-region,unverified_url_evidence,https://www.kijiji.ca/v-cars-trucks/mississauga-peel-region/2018-honda-odyssey-touring-elite-fully-loaded-112-000-km/1740809156,,Kijiji
20,2018,Honda,Odyssey,Unknown,1,30990,No change noted,Up $200 over 6 weeks,6,30790,30990,0,200,86396,Unknown,Gas,Unknown,N/A,Unknown,Private,"Carstairs, AB","Carstairs, AB",,disabled_unverified_location,1737099187,ottawa,unverified_url_evidence,https://www.kijiji.ca/v-cars-trucks/ottawa/2018-honda-odyssey-ex-l-navi/1737099187,,Kijiji
21,2018,Honda,Odyssey,Unknown,1,30990,No change noted,Up $200 over 6 weeks,6,30790,30990,0,200,86396,Unknown,Gas,Unknown,N/A,Unknown,Private,"Carstairs, AB","Carstairs, AB",,disabled_unverified_location,1737099412,city-of-toronto,unverified_url_evidence,https://www.kijiji.ca/v-cars-trucks/city-of-toronto/2018-honda-odyssey-ex-l-navi/1737099412,,Kijiji
22,2018,Honda,Odyssey,Unknown,1,30990,No change noted,Up $200 over 6 weeks,6,30790,30990,0,200,86396,Unknown,Gas,Unknown,N/A,Unknown,Private,"Carstairs, AB","Carstairs, AB",,disabled_unverified_location,1737259923,bedford,unverified_url_evidence,https://www.kijiji.ca/v-cars-trucks/bedford/2018-honda-odyssey-ex-l-navi/1737259923,,Kijiji
23,2018,Honda,Odyssey,Unknown,1,31499,No change noted,"Down $1,400 over 3 weeks",3,32899,31499,0,-1400,86972,Unknown,Gas,Unknown,N/A,Unknown,Dealer,"Carstairs, AB","Carstairs, AB",,disabled_unverified_location,1740152118,grande-prairie,unverified_url_evidence,https://www.kijiji.ca/v-cars-trucks/grande-prairie/2018-honda-odyssey-lx-low-kms-command-start-power-heated/1740152118,,Kijiji
24,2018,Honda,Odyssey,Unknown,1,32987,No change noted,Unchanged for 4 weeks,4,32987,32987,0,0,93243,Unknown,Gas,Unknown,N/A,Unknown,Private,"Carstairs, AB","Carstairs, AB",,disabled_unverified_location,1739545558,burnaby-new-westminster,unverified_url_evidence,https://www.kijiji.ca/v-cars-trucks/burnaby-new-westminster/2018-honda-odyssey-touring/1739545558,,Kijiji
25,2018,Honda,Odyssey,Unknown,1,32990,No change noted,Unchanged for 3 weeks,3,32990,32990,0,0,77362,Unknown,Gas,Unknown,N/A,Unknown,Private,"Carstairs, AB","Carstairs, AB",,disabled_unverified_location,1740070791,city-of-toronto,unverified_url_evidence,https://www.kijiji.ca/v-cars-trucks/city-of-toronto/2018-honda-odyssey-touring/1740070791,,Kijiji
26,2018,Honda,Odyssey,Unknown,1,32990,No change noted,Unchanged for 3 weeks,3,32990,32990,0,0,77362,Unknown,Gas,Unknown,N/A,Unknown,Private,"Carstairs, AB","Carstairs, AB",,disabled_unverified_location,1740070916,ottawa,unverified_url_evidence,https://www.kijiji.ca/v-cars-trucks/ottawa/2018-honda-odyssey-touring/1740070916,,Kijiji
27,2018,Honda,Odyssey,Unknown,1,32990,No change noted,Unchanged for 3 weeks,3,32990,32990,0,0,77362,Unknown,Gas,Unknown,N/A,Unknown,Private,"Carstairs, AB","Carstairs, AB",,disabled_unverified_location,1740071420,canada,unverified_url_evidence,https://www.kijiji.ca/v-cars-trucks/canada/2018-honda-odyssey-touring/1740071420,,Kijiji
28,2018,Honda,Odyssey,Unknown,1,34900,No change noted,Unchanged for 2 weeks,2,34900,34900,0,0,53850,Unknown,Gas,Unknown,N/A,Unknown,Dealer,"Edmonton, AB","Edmonton, AB",,disabled_unverified_location,1740290662,edmonton,unverified_url_evidence,https://www.kijiji.ca/v-cars-trucks/edmonton/2018-honda-odyssey-touring-auto/1740290662,,Kijiji
29,2019,Honda,Odyssey,Unknown,1,18900,No change noted,Unchanged for 1 weeks,1,18900,18900,0,0,151000,Unknown,Gas,Unknown,N/A,Unknown,Private,"Carstairs, AB","Carstairs, AB",,disabled_unverified_location,1740743921,windsor-area-on,unverified_url_evidence,https://www.kijiji.ca/v-cars-trucks/windsor-area-on/2019-honda-odyssey-ex/1740743921,,Kijiji
30,2019,Honda,Odyssey,Unknown,1,19800,No change noted,Unchanged for 6 weeks,6,19800,19800,0,0,238000,Unknown,Gas,Unknown,N/A,Unknown,Private,"Regina, SK","Regina, SK",,disabled_unverified_location,1738524611,winnipeg,unverified_url_evidence,https://www.kijiji.ca/v-cars-trucks/winnipeg/2019-honda-odyssey/1738524611,,Kijiji
31,2019,Honda,Odyssey,Unknown,1,20900,No change noted,Unchanged for 6 weeks,6,20900,20900,0,0,221350,Unknown,Gas,Unknown,N/A,Unknown,Private,"Carstairs, AB","Carstairs, AB",,disabled_unverified_location,1738200200,portage-la-prairie,unverified_url_evidence,https://www.kijiji.ca/v-cars-trucks/portage-la-prairie/2019-honda-odyssey-ex-res-auto/1738200200,,Kijiji
32,2019,Honda,Odyssey,Unknown,1,20990,No change noted,"Down $2,000 over 6 weeks",6,22990,20990,0,-2000,170802,Unknown,Gas,No accidents reported,N/A,Unknown,Private,"Carstairs, AB","Carstairs, AB",,disabled_unverified_location,1727107498,city-of-toronto,unverified_url_evidence,https://www.kijiji.ca/v-cars-trucks/city-of-toronto/2019-honda-odyssey-ex-8-pass-dvd-camera-apple-carplay-no-accid/1727107498,,Kijiji
33,2019,Honda,Odyssey,Unknown,1,21988,No change noted,Unchanged for 2 weeks,2,21988,21988,0,0,202483,Unknown,Gas,Unknown,N/A,Unknown,Dealer,"Calgary, AB","Calgary, AB",,disabled_unverified_location,1740453954,calgary,unverified_url_evidence,https://www.kijiji.ca/v-cars-trucks/calgary/2019-honda-odyssey-touring-navigation-leather-seats-sunroof-back/1740453954,,Kijiji
34,2019,Honda,Odyssey,Unknown,1,22000,No change noted,Unchanged for 6 weeks,6,22000,22000,0,0,242000,Unknown,Gas,Unknown,N/A,Unknown,Dealer,"Carstairs, AB","Carstairs, AB",,disabled_unverified_location,1701287475,city-of-halifax,unverified_url_evidence,https://www.kijiji.ca/v-cars-trucks/city-of-halifax/2019-odyssey-8-passenger-van/1701287475,,Kijiji
35,2019,Honda,Odyssey,Unknown,1,22995,No change noted,Unchanged for 4 weeks,4,22995,22995,0,0,212129,Unknown,Gas,Unknown,N/A,Unknown,Dealer,"Calgary, AB","Calgary, AB",,disabled_unverified_location,1739733914,calgary,unverified_url_evidence,https://www.kijiji.ca/v-cars-trucks/calgary/2019-honda-odyssey-:-7-passenger/1739733914,,Kijiji
36,2019,Honda,Odyssey,Unknown,1,23988,No change noted,Unchanged for 6 weeks,6,23988,23988,0,0,204649,Unknown,Gas,Unknown,N/A,Unknown,Dealer,"Calgary, AB","Calgary, AB",,disabled_unverified_location,1735286047,calgary,unverified_url_evidence,https://www.kijiji.ca/v-cars-trucks/calgary/2019-honda-odyssey-exl-backup-camera-heated-leather-seats-sunroo/1735286047,,Kijiji
37,2019,Honda,Odyssey,Unknown,1,23995,No change noted,Unchanged for 6 weeks,6,23995,23995,0,0,197674,Unknown,Gas,Unknown,N/A,Unknown,Private,"Carstairs, AB","Carstairs, AB",,disabled_unverified_location,1731284167,london,unverified_url_evidence,https://www.kijiji.ca/v-cars-trucks/london/2019-honda-odyssey-ex-l-res/1731284167,,Kijiji
38,2019,Honda,Odyssey,Unknown,1,25000,No change noted,Unchanged for 1 weeks,1,25000,25000,0,0,190000,Unknown,Gas,Unknown,N/A,Unknown,Private,"Regina, SK","Regina, SK",,disabled_unverified_location,1740656174,winnipeg,unverified_url_evidence,https://www.kijiji.ca/v-cars-trucks/winnipeg/2019-honda-odyssey-ex/1740656174,,Kijiji
39,2019,Honda,Odyssey,Unknown,1,25977,No change noted,Unchanged for 4 weeks,4,25977,25977,0,0,139225,Unknown,Gas,Unknown,N/A,Unknown,Dealer,"Calgary, AB","Calgary, AB",,disabled_unverified_location,1739638044,calgary,unverified_url_evidence,https://www.kijiji.ca/v-cars-trucks/calgary/2019-honda-odyssey-touring-3-5-v6-power-leather-sunroof/1739638044,,Kijiji
40,2019,Honda,Odyssey,Unknown,1,26975,No change noted,Unchanged for 2 weeks,2,26975,26975,0,0,139500,Unknown,Gas,Unknown,N/A,Unknown,Private,"Carstairs, AB","Carstairs, AB",,disabled_unverified_location,1739983189,ville-de-quebec,unverified_url_evidence,https://www.kijiji.ca/v-cars-trucks/ville-de-quebec/2019-honda-odyssey-ex-l-res-nouveau-prix/1739983189,,Kijiji
41,2019,Honda,Odyssey,Unknown,1,26999,No change noted,Unchanged for 3 weeks,3,26999,26999,0,0,130000,Unknown,Gas,No accidents reported,N/A,Unknown,Private,"Carstairs, AB","Carstairs, AB",,disabled_unverified_location,1739637117,barrie,unverified_url_evidence,https://www.kijiji.ca/v-cars-trucks/barrie/2019-honda-odyssey-ex-8-seater-sunroof-camera-noaccidents/1739637117,,Kijiji
42,2019,Honda,Odyssey,Unknown,1,27900,No change noted,Unchanged for 5 weeks,5,27900,27900,0,0,37601,Unknown,Gas,Unknown,N/A,Unknown,Private,"Carstairs, AB","Carstairs, AB",,disabled_unverified_location,1735888274,windsor-area-on,unverified_url_evidence,https://www.kijiji.ca/v-cars-trucks/windsor-area-on/2019-honda-odyssey/1735888274,,Kijiji
43,2019,Honda,Odyssey,Unknown,1,29790,No change noted,Up $200 over 2 weeks,2,29590,29590,200,200,90000,Unknown,Gas,Unknown,N/A,Unknown,Private,"Carstairs, AB","Carstairs, AB",,disabled_unverified_location,1740346100,ottawa,unverified_url_evidence,https://www.kijiji.ca/v-cars-trucks/ottawa/2019-honda-odyssey-ex-res/1740346100,,Kijiji
44,2019,Honda,Odyssey,Unknown,1,29790,No change noted,Up $200 over 2 weeks,2,29590,29590,200,200,90000,Unknown,Gas,Unknown,N/A,Unknown,Private,"Carstairs, AB","Carstairs, AB",,disabled_unverified_location,1740346131,city-of-toronto,unverified_url_evidence,https://www.kijiji.ca/v-cars-trucks/city-of-toronto/2019-honda-odyssey-ex-res/1740346131,,Kijiji
45,2019,Honda,Odyssey,Unknown,1,29790,No change noted,Up $200 over 2 weeks,2,29590,29590,200,200,90000,Unknown,Gas,Unknown,N/A,Unknown,Private,"Carstairs, AB","Carstairs, AB",,disabled_unverified_location,1740346508,bedford,unverified_url_evidence,https://www.kijiji.ca/v-cars-trucks/bedford/2019-honda-odyssey-ex-res/1740346508,,Kijiji
46,2019,Honda,Odyssey,Unknown,1,30499,No change noted,Unchanged for 1 weeks,1,30499,30499,0,0,103482,Unknown,Gas,Unknown,N/A,Unknown,Private,"Carstairs, AB","Carstairs, AB",,disabled_unverified_location,1740646415,city-of-toronto,unverified_url_evidence,https://www.kijiji.ca/v-cars-trucks/city-of-toronto/2019-honda-odyssey-ex-l-ex-l-dvd-leather-pwr-group/1740646415,,Kijiji
47,2019,Honda,Odyssey,Unknown,1,30595,No change noted,"Down $1,100 over 6 weeks",6,31695,30595,0,-1100,89553,Unknown,Gas,Unknown,N/A,Unknown,Private,"Carstairs, AB","Carstairs, AB",,disabled_unverified_location,1735018808,markham-york-region,unverified_url_evidence,https://www.kijiji.ca/v-cars-trucks/markham-york-region/2019-honda-odyssey/1735018808,,Kijiji
48,2019,Honda,Odyssey,Unknown,1,31899,No change noted,Unchanged for 6 weeks,6,31899,31899,0,0,143000,Unknown,Gas,Unknown,N/A,Unknown,Private,"Calgary, AB","Calgary, AB",,disabled_unverified_location,1738546044,calgary,unverified_url_evidence,https://www.kijiji.ca/v-cars-trucks/calgary/2019-honda-odyssey-exl/1738546044,,Kijiji
49,2019,Honda,Odyssey,Unknown,1,31995,No change noted,"Down $1,000 over 6 weeks",6,32995,31995,0,-1000,135221,Unknown,Gas,Unknown,N/A,Unknown,Dealer,"Calgary, AB","Calgary, AB",,disabled_unverified_location,1736122413,calgary,unverified_url_evidence,https://www.kijiji.ca/v-cars-trucks/calgary/2019-honda-odyssey-ex-l-navi-remote-start/1736122413,,Kijiji
50,2019,Honda,Odyssey,Unknown,1,32000,No change noted,Unchanged for 1 weeks,1,32000,32000,0,0,144600,Unknown,Gas,Unknown,N/A,Unknown,Dealer,"Calgary, AB","Calgary, AB",,disabled_unverified_location,1740595339,calgary,unverified_url_evidence,https://www.kijiji.ca/v-cars-trucks/calgary/2019-honda-odyssey-touring/1740595339,,Kijiji
51,2019,Honda,Odyssey,Unknown,1,32990,No change noted,Unchanged for 6 weeks,6,32990,32990,0,0,137942,Unknown,Gas,Unknown,N/A,Unknown,Dealer,"Carstairs, AB","Carstairs, AB",,disabled_unverified_location,1738346435,regina,unverified_url_evidence,https://www.kijiji.ca/v-cars-trucks/regina/2019-honda-odyssey-ex-l-dvd-pkg/1738346435,,Kijiji
52,2019,Honda,Odyssey,Unknown,1,33995,No change noted,Unchanged for 1 weeks,1,33995,33995,0,0,98681,Unknown,Gas,Unknown,N/A,Unknown,Private,"Red Deer, AB","Red Deer, AB",,disabled_unverified_location,1740747327,penticton,unverified_url_evidence,https://www.kijiji.ca/v-cars-trucks/penticton/2019-honda-odyssey/1740747327,,Kijiji
53,2019,Honda,Odyssey,Unknown,1,34950,No change noted,"Up $2,262 over 3 weeks",3,32688,34950,0,2262,103877,Unknown,Gas,Unknown,N/A,Unknown,Dealer,"Calgary, AB","Calgary, AB",,disabled_unverified_location,1739960342,calgary,unverified_url_evidence,https://www.kijiji.ca/v-cars-trucks/calgary/2019-honda-odyssey-touring-power-slidding-doors-heated-seats-s/1739960342,,Kijiji
54,2019,Honda,Odyssey,Unknown,1,35995,No change noted,"Down $3,000 over 3 weeks",3,38995,35995,0,-3000,73320,Unknown,Gas,Unknown,N/A,Unknown,Private,"Carstairs, AB","Carstairs, AB",,disabled_unverified_location,1739960489,regina,unverified_url_evidence,https://www.kijiji.ca/v-cars-trucks/regina/2019-honda-odyssey-ex-fresh-trade/1739960489,,Kijiji
55,2019,Honda,Odyssey,Unknown,1,39999,No change noted,Unchanged for 6 weeks,6,39999,39999,0,0,59000,Unknown,Gas,Unknown,N/A,Unknown,Private,"Regina, SK","Regina, SK",,disabled_unverified_location,1735714287,winnipeg,unverified_url_evidence,https://www.kijiji.ca/v-cars-trucks/winnipeg/2019-honda-odyssey-ex-l-8-passenger-van-59000-kms/1735714287,,Kijiji
56,2020,Honda,Odyssey,Unknown,1,26900,No change noted,Unchanged for 1 weeks,1,26900,26900,0,0,134900,Unknown,Gas,Unknown,N/A,Unknown,Private,"Carstairs, AB","Carstairs, AB",,disabled_unverified_location,1740669607,barrie,unverified_url_evidence,https://www.kijiji.ca/v-cars-trucks/barrie/2020-honda-odyssey/1740669607,,Kijiji
57,2020,Honda,Odyssey,Unknown,1,27605,No change noted,"Down $2,000 over 3 weeks",3,29605,27605,0,-2000,200527,Unknown,Gas,Unknown,N/A,Unknown,Dealer,"Calgary, AB","Calgary, AB",,disabled_unverified_location,1740155737,calgary,unverified_url_evidence,https://www.kijiji.ca/v-cars-trucks/calgary/2020-honda-odyssey-touring/1740155737,,Kijiji
58,2020,Honda,Odyssey,Unknown,1,29880,No change noted,Unchanged for 1 weeks,1,29880,29880,0,0,149114,Unknown,Gas,Unknown,N/A,Unknown,Private,"High River, AB","High River, AB",,disabled_unverified_location,1740647785,kitchener-waterloo,unverified_url_evidence,https://www.kijiji.ca/v-cars-trucks/kitchener-waterloo/2020-honda-odyssey-ex-l-navigation-camera-leather-roof-power-doo/1740647785,,Kijiji
59,2020,Honda,Odyssey,Unknown,1,29995,No change noted,Unchanged for 3 weeks,3,29995,29995,0,0,82500,Unknown,Gas,Unknown,N/A,Unknown,Private,"Carstairs, AB","Carstairs, AB",,disabled_unverified_location,1740051185,ville-de-montreal,unverified_url_evidence,https://www.kijiji.ca/v-cars-trucks/ville-de-montreal/2020-honda-odyssey-lx-tres-rare-tres-propre-moteur-6-cylindr/1740051185,,Kijiji
60,2020,Honda,Odyssey,Unknown,1,29995,No change noted,Unchanged for 5 weeks,5,29995,29995,0,0,207942,Unknown,Gas,Unknown,N/A,Unknown,Dealer,"Edmonton, AB","Edmonton, AB",,disabled_unverified_location,1739403186,edmonton,unverified_url_evidence,https://www.kijiji.ca/v-cars-trucks/edmonton/honda-odyssey-ex-res-2020/1739403186,,Kijiji
61,2020,Honda,Odyssey,Unknown,1,30997,No change noted,"Down $2,000 over 6 weeks",6,32997,30997,0,-2000,165073,Unknown,Gas,Unknown,N/A,Unknown,Dealer,"Edmonton, AB","Edmonton, AB",,disabled_unverified_location,1736872467,edmonton,unverified_url_evidence,https://www.kijiji.ca/v-cars-trucks/edmonton/2020-honda-odyssey-ex-l-res/1736872467,,Kijiji
62,2020,Honda,Odyssey,Unknown,1,33988,No change noted,Unchanged for 6 weeks,6,33988,33988,0,0,125251,Unknown,Gas,Unknown,N/A,Unknown,Dealer,"Calgary, AB","Calgary, AB",,disabled_unverified_location,1731883366,calgary,unverified_url_evidence,https://www.kijiji.ca/v-cars-trucks/calgary/2020-honda-odyssey-exl-navigation-backup-camera-lane-assist/1731883366,,Kijiji
63,2020,Honda,Odyssey,Unknown,1,34042,No change noted,Unchanged for 1 weeks,1,34042,34042,0,0,107000,Unknown,Gas,Unknown,N/A,Unknown,Dealer,"Medicine Hat, AB","Medicine Hat, AB",,disabled_unverified_location,1740712937,lethbridge,unverified_url_evidence,https://www.kijiji.ca/v-cars-trucks/lethbridge/2020-honda-odyssey-ex-8-passenger-family-van/1740712937,,Kijiji
64,2020,Honda,Odyssey,Unknown,1,34498,No change noted,First seen this week,0,34498,34498,0,0,113000,Unknown,Gas,No accidents reported,N/A,Unknown,Private,"Carstairs, AB","Carstairs, AB",,disabled_unverified_location,1740933320,barrie,unverified_url_evidence,https://www.kijiji.ca/v-cars-trucks/barrie/2020-honda-odyssey-touring-bsm-navi-sunroof-entertainmentsys-c/1740933320,,Kijiji
65,2020,Honda,Odyssey,Unknown,1,34980,No change noted,Unchanged for 6 weeks,6,34980,34980,0,0,124841,Unknown,Gas,Unknown,N/A,Unknown,Private,"Regina, SK","Regina, SK",,disabled_unverified_location,1732738205,winnipeg,unverified_url_evidence,https://www.kijiji.ca/v-cars-trucks/winnipeg/2020-honda-odyssey-ex-l-dvd-player-htd-sts-wheel-and-wipers/1732738205,,Kijiji
66,2021,Honda,Odyssey,Unknown,1,27471,No change noted,"Down $1,500 over 6 weeks",6,28971,27471,0,-1500,75036,Unknown,Gas,Unknown,N/A,Unknown,Private,"Carstairs, AB","Carstairs, AB",,disabled_unverified_location,1738462577,city-of-toronto,unverified_url_evidence,https://www.kijiji.ca/v-cars-trucks/city-of-toronto/2021-honda-odyssey-ex-res/1738462577,,Kijiji
67,2022,Honda,Odyssey,Unknown,1,2500,No change noted,Unchanged for 6 weeks,6,2500,2500,0,0,1,Unknown,Gas,Unknown,N/A,Unknown,Dealer,"Carstairs, AB","Carstairs, AB",,disabled_unverified_location,1738726502,city-of-toronto,unverified_url_evidence,https://www.kijiji.ca/v-cars-trucks/city-of-toronto/oem-honda-odyssey-18-rims-michelin-winter-tires-set-of-4/1738726502,,Kijiji
68,2022,Honda,Odyssey,Unknown,1,13000,No change noted,Unchanged for 5 weeks,5,13000,13000,0,0,75300,Unknown,Gas,Unknown,N/A,Unknown,Private,"Carstairs, AB","Carstairs, AB",,disabled_unverified_location,1738321767,ville-de-quebec,unverified_url_evidence,https://www.kijiji.ca/v-cars-trucks/ville-de-quebec/honda-odyssey-ex-l-2022-transfert-de-bail-a-0-d-interet-13000/1738321767,,Kijiji
69,2022,Honda,Odyssey,Unknown,1,22500,No change noted,Unchanged for 2 weeks,2,22500,22500,0,0,140126,Unknown,Gas,Unknown,N/A,Unknown,Private,"Carstairs, AB","Carstairs, AB",,disabled_unverified_location,1740083268,hamilton,unverified_url_evidence,https://www.kijiji.ca/v-cars-trucks/hamilton/2022-honda-odyssey-exl-just-in-for-sale-at-pic-n-save/1740083268,,Kijiji
70,2022,Honda,Odyssey,Unknown,1,31880,No change noted,Unchanged for 2 weeks,2,31880,31880,0,0,159664,Unknown,Gas,Unknown,N/A,Unknown,Private,"High River, AB","High River, AB",,disabled_unverified_location,1740422769,kitchener-waterloo,unverified_url_evidence,https://www.kijiji.ca/v-cars-trucks/kitchener-waterloo/2022-honda-odyssey-ex-l-w-res-leather-roof-powerdoors-dvd/1740422769,,Kijiji
71,2022,Honda,Odyssey,Unknown,1,32995,No change noted,Unchanged for 1 weeks,1,32995,32995,0,0,133559,Unknown,Gas,No accidents reported,N/A,Unknown,Private,"Carstairs, AB","Carstairs, AB",,disabled_unverified_location,1740563473,hamilton,unverified_url_evidence,https://www.kijiji.ca/v-cars-trucks/hamilton/2022-honda-odyssey-ex-l-navi-auto-no-accidents-sunroof/1740563473,,Kijiji
72,2022,Honda,Odyssey,Unknown,1,32998,No change noted,"Down $3,000 over 6 weeks",6,35998,32998,0,-3000,121531,Unknown,Gas,Unknown,N/A,Unknown,Dealer,"Calgary, AB","Calgary, AB",,disabled_unverified_location,1728645378,calgary,unverified_url_evidence,https://www.kijiji.ca/v-cars-trucks/calgary/2022-honda-odyssey-ex-l-navi-auto/1728645378,,Kijiji
73,2022,Honda,Odyssey,Unknown,1,33990,No change noted,Unchanged for 1 weeks,1,33990,33990,0,0,150625,Unknown,Gas,Unknown,N/A,Unknown,Private,"Carstairs, AB","Carstairs, AB",,disabled_unverified_location,1739792797,bedford,unverified_url_evidence,https://www.kijiji.ca/v-cars-trucks/bedford/2022-honda-odyssey-ex-l-navi/1739792797,,Kijiji
74,2022,Honda,Odyssey,Unknown,1,35999,No change noted,Unchanged for 1 weeks,1,35999,35999,0,0,86393,Unknown,Gas,Unknown,N/A,Unknown,Private,"Carstairs, AB","Carstairs, AB",,disabled_unverified_location,1740883757,hamilton,unverified_url_evidence,https://www.kijiji.ca/v-cars-trucks/hamilton/2022-honda-odyssey-ex-l/1740883757,,Kijiji
75,2022,Honda,Odyssey,Unknown,1,37995,No change noted,Unchanged for 6 weeks,6,37995,37995,0,0,119998,Unknown,Gas,Unknown,N/A,Unknown,Dealer,"Calgary, AB","Calgary, AB",,disabled_unverified_location,1737873729,calgary,unverified_url_evidence,https://www.kijiji.ca/v-cars-trucks/calgary/2022-honda-odyssey-touring-navi-dvd-pkg-b-cam-sunroof-8-pass-fin/1737873729,,Kijiji
76,2022,Honda,Odyssey,Unknown,1,38490,No change noted,Unchanged for 4 weeks,4,38490,38490,0,0,93176,Unknown,Gas,Unknown,N/A,Unknown,Private,"Carstairs, AB","Carstairs, AB",,disabled_unverified_location,1738264474,city-of-toronto,unverified_url_evidence,https://www.kijiji.ca/v-cars-trucks/city-of-toronto/2022-honda-odyssey-ex-l-navi/1738264474,,Kijiji
77,2022,Honda,Odyssey,Unknown,1,38490,No change noted,Unchanged for 4 weeks,4,38490,38490,0,0,93176,Unknown,Gas,Unknown,N/A,Unknown,Private,"Carstairs, AB","Carstairs, AB",,disabled_unverified_location,1738264623,ottawa,unverified_url_evidence,https://www.kijiji.ca/v-cars-trucks/ottawa/2022-honda-odyssey-ex-l-navi/1738264623,,Kijiji
78,2022,Honda,Odyssey,Unknown,1,38490,No change noted,Unchanged for 4 weeks,4,38490,38490,0,0,93176,Unknown,Gas,Unknown,N/A,Unknown,Private,"Carstairs, AB","Carstairs, AB",,disabled_unverified_location,1738315538,bedford,unverified_url_evidence,https://www.kijiji.ca/v-cars-trucks/bedford/2022-honda-odyssey-ex-l-navi/1738315538,,Kijiji
79,2022,Honda,Odyssey,Unknown,1,38740,No change noted,Unchanged for 1 weeks,1,38740,38740,0,0,102840,Unknown,Gas,Unknown,N/A,Unknown,Dealer,"Calgary, AB","Calgary, AB",,disabled_unverified_location,1740649229,calgary,unverified_url_evidence,https://www.kijiji.ca/v-cars-trucks/calgary/2022-honda-odyssey-ex-l-navi-auto/1740649229,,Kijiji
80,2022,Honda,Odyssey,Unknown,1,38800,No change noted,Unchanged for 1 weeks,1,38800,38800,0,0,145000,Unknown,Gas,Unknown,N/A,Unknown,Private,"Regina, SK","Regina, SK",,disabled_unverified_location,1740915854,winnipeg,unverified_url_evidence,https://www.kijiji.ca/v-cars-trucks/winnipeg/2022-honda-odyssey-touring-sun-roof-htd-cooled-seats/1740915854,,Kijiji
81,2022,Honda,Odyssey,Unknown,1,38888,No change noted,Unchanged for 1 weeks,1,38888,38888,0,0,83031,Unknown,Gas,Unknown,N/A,Unknown,Dealer,"Carstairs, AB","Carstairs, AB",,disabled_unverified_location,1740547340,red-deer,unverified_url_evidence,https://www.kijiji.ca/v-cars-trucks/red-deer/2022-honda-odyssey-ex-res/1740547340,,Kijiji
82,2022,Honda,Odyssey,Unknown,1,39988,No change noted,"Down $2,000 over 6 weeks",6,41988,39988,0,-2000,66744,Unknown,Gas,Unknown,N/A,Unknown,Dealer,"Edmonton, AB","Edmonton, AB",,disabled_unverified_location,1738252049,edmonton,unverified_url_evidence,https://www.kijiji.ca/v-cars-trucks/edmonton/2022-honda-odyssey-ex-res/1738252049,,Kijiji
83,2022,Honda,Odyssey,Unknown,1,40000,No change noted,Up $13 over 6 weeks,6,39987,40000,0,13,109504,Unknown,Gas,Unknown,N/A,Unknown,Private,"Regina, SK","Regina, SK",,disabled_unverified_location,1737502934,winnipeg,unverified_url_evidence,https://www.kijiji.ca/v-cars-trucks/winnipeg/2022-honda-odyssey-ex-l-leather-seats-moonroof-8-seater/1737502934,,Kijiji
84,2022,Honda,Odyssey,Unknown,1,41600,No change noted,Down $400 over 5 weeks,5,42000,41600,0,-400,129826,Unknown,Gas,Unknown,N/A,Unknown,Private,"Regina, SK","Regina, SK",,disabled_unverified_location,1739451592,winnipeg,unverified_url_evidence,https://www.kijiji.ca/v-cars-trucks/winnipeg/2022-honda-odyssey-touring-8-passenger-leather-sunroof-nav/1739451592,,Kijiji
85,2022,Honda,Odyssey,Unknown,1,41900,No change noted,Unchanged for 6 weeks,6,41900,41900,0,0,68770,Unknown,Gas,Unknown,N/A,Unknown,Dealer,"Edmonton, AB","Edmonton, AB",,disabled_unverified_location,1738660293,edmonton,unverified_url_evidence,https://www.kijiji.ca/v-cars-trucks/edmonton/2022-honda-odyssey-ex-l-res-heated-steering-heated-seats/1738660293,,Kijiji
86,2022,Honda,Odyssey,Unknown,1,41988,No change noted,Unchanged for 5 weeks,5,41988,42998,-1010,0,87000,Unknown,Gas,Unknown,N/A,Unknown,Private,"Carstairs, AB","Carstairs, AB",,disabled_unverified_location,1739307184,guelph,unverified_url_evidence,https://www.kijiji.ca/v-cars-trucks/guelph/2022-honda-odyssey-touring-leather-dvd-sunroof-nav/1739307184,,Kijiji
87,2022,Honda,Odyssey,Unknown,1,41999,No change noted,"Down $1,000 over 1 weeks",1,42999,42999,-1000,-1000,79662,Unknown,Gas,Unknown,N/A,Unknown,Dealer,"Carstairs, AB","Carstairs, AB",,disabled_unverified_location,1740470118,markham-york-region,unverified_url_evidence,https://www.kijiji.ca/v-cars-trucks/markham-york-region/2022-honda-odyssey-touring/1740470118,,Kijiji
88,2022,Honda,Odyssey,Unknown,1,42900,No change noted,Unchanged for 2 weeks,2,42900,42900,0,0,109682,Unknown,Gas,No accidents reported,N/A,Unknown,Dealer,"Calgary, AB","Calgary, AB",,disabled_unverified_location,1740375819,calgary,unverified_url_evidence,https://www.kijiji.ca/v-cars-trucks/calgary/2022-honda-odyssey-touring-1-owner-no-accidents/1740375819,,Kijiji
89,2022,Honda,Odyssey,Unknown,1,43740,No change noted,"Down $2,184 over 6 weeks",6,45924,43740,0,-2184,62501,Unknown,Gas,Unknown,N/A,Unknown,Dealer,"Calgary, AB","Calgary, AB",,disabled_unverified_location,1735299110,calgary,unverified_url_evidence,https://www.kijiji.ca/v-cars-trucks/calgary/2022-honda-odyssey-touring-heated-seats-navi-blind-spot-low-km/1735299110,,Kijiji
90,2022,Honda,Odyssey,Unknown,1,44995,No change noted,Unchanged for 1 weeks,1,44995,44995,0,0,50070,Unknown,Gas,Unknown,N/A,Unknown,Private,"Carstairs, AB","Carstairs, AB",,disabled_unverified_location,1740878290,oakville-halton-region,unverified_url_evidence,https://www.kijiji.ca/v-cars-trucks/oakville-halton-region/2022-honda-odyssey/1740878290,,Kijiji
91,2022,Honda,Odyssey,Unknown,1,45500,No change noted,Down $499 over 2 weeks,2,45999,45500,0,-499,58172,Unknown,Gas,Unknown,N/A,Unknown,Private,"Carstairs, AB","Carstairs, AB",,disabled_unverified_location,1740414289,regina,unverified_url_evidence,https://www.kijiji.ca/v-cars-trucks/regina/2022-honda-odyssey-ex-l-navi-fresh-trade/1740414289,,Kijiji
92,2022,Honda,Odyssey,Unknown,1,46480,No change noted,Unchanged for 6 weeks,6,46480,46480,0,0,80900,Unknown,Gas,No accidents reported,N/A,Unknown,Private,"Regina, SK","Regina, SK",,disabled_unverified_location,1737974893,winnipeg,unverified_url_evidence,https://www.kijiji.ca/v-cars-trucks/winnipeg/2022-honda-odyssey-touring-no-accidents/1737974893,,Kijiji
93,2022,Honda,Odyssey,Unknown,1,46625,No change noted,"Down $1,273 over 6 weeks",6,47898,46625,0,-1273,73261,Unknown,Gas,Accident reported,N/A,Unknown,Unknown,"Regina, SK","Regina, SK",,disabled_unverified_location,1736767905,winnipeg,unverified_url_evidence,https://www.kijiji.ca/v-cars-trucks/winnipeg/2022-honda-odyssey-touring-non-collision-carfax-leather/1736767905,,Kijiji
94,2022,Honda,Odyssey,Unknown,1,48988,No change noted,Unchanged for 1 weeks,1,48988,48988,0,0,38725,Unknown,Gas,Unknown,N/A,Unknown,Unknown,"Calgary, AB","Calgary, AB",,disabled_unverified_location,1740803910,calgary,unverified_url_evidence,https://www.kijiji.ca/v-cars-trucks/calgary/2022-honda-odyssey-ex-l-navi/1740803910,,Kijiji
95,2023,Honda,Odyssey,Unknown,1,6995,No change noted,Unchanged for 4 weeks,4,6995,6995,0,0,21025,Unknown,Gas,Unknown,N/A,Unknown,Private,"Carstairs, AB","Carstairs, AB",,disabled_unverified_location,1739848201,richmond-bc,unverified_url_evidence,https://www.kijiji.ca/v-cars-trucks/richmond-bc/2015-honda-odyssey-ex-l-w-res-clean-title-bc-local/1739848201,,Kijiji
96,2023,Honda,Odyssey,Unknown,1,37299,No change noted,Unchanged for 3 weeks,3,37299,37299,0,0,96431,Unknown,Gas,No accidents reported,N/A,Unknown,Private,"Carstairs, AB","Carstairs, AB",,disabled_unverified_location,1739354115,st-johns,unverified_url_evidence,https://www.kijiji.ca/v-cars-trucks/st-johns/2023-honda-odyssey-ex-auto-for-sale/1739354115,,Kijiji
97,2023,Honda,Odyssey,Unknown,1,37995,No change noted,Unchanged for 1 weeks,1,37995,37995,0,0,143747,Unknown,Gas,Unknown,N/A,Unknown,Private,"Carstairs, AB","Carstairs, AB",,disabled_unverified_location,1740558314,regina,unverified_url_evidence,https://www.kijiji.ca/v-cars-trucks/regina/2023-honda-odyssey-ex-l-fresh-trade/1740558314,,Kijiji
98,2023,Honda,Odyssey,Unknown,1,39700,No change noted,Unchanged for 1 weeks,1,39700,39700,0,0,89383,Unknown,Gas,No accidents reported,N/A,Unknown,Private,"Carstairs, AB","Carstairs, AB",,disabled_unverified_location,1740646410,oshawa-durham-region,unverified_url_evidence,https://www.kijiji.ca/v-cars-trucks/oshawa-durham-region/2023-honda-odyssey-ex-ex-sunroof-dvd-carplay-no-accidents/1740646410,,Kijiji
99,2023,Honda,Odyssey,Unknown,1,39995,No change noted,Unchanged for 4 weeks,4,39995,39995,0,0,26298,Unknown,Gas,Unknown,N/A,Unknown,Dealer,"Calgary, AB","Calgary, AB",,disabled_unverified_location,1739732431,calgary,unverified_url_evidence,https://www.kijiji.ca/v-cars-trucks/calgary/2023-honda-odyssey-ex-l-auto-8-seater-leather-carplay-b/1739732431,,Kijiji
100,2023,Honda,Odyssey,Unknown,1,39995,No change noted,Down $4 over 5 weeks,5,39999,39995,0,-4,93334,Unknown,Gas,No accidents reported,N/A,Unknown,Private,"Carstairs, AB","Carstairs, AB",,disabled_unverified_location,1739453822,mississauga-peel-region,unverified_url_evidence,https://www.kijiji.ca/v-cars-trucks/mississauga-peel-region/2023-honda-odyssey-touring-no-accidents-heated-seats-premi/1739453822,,Kijiji
101,2023,Honda,Odyssey,Unknown,1,41490,No change noted,First seen this week,0,41490,41490,0,0,63325,Unknown,Gas,Unknown,N/A,Unknown,Private,"Carstairs, AB","Carstairs, AB",,disabled_unverified_location,1739845329,bedford,unverified_url_evidence,https://www.kijiji.ca/v-cars-trucks/bedford/2023-honda-odyssey-ex-l/1739845329,,Kijiji
102,2023,Honda,Odyssey,Unknown,1,43000,No change noted,Unchanged for 1 weeks,1,43000,43000,0,0,85447,Unknown,Gas,Unknown,N/A,Unknown,Private,"Carstairs, AB","Carstairs, AB",,disabled_unverified_location,1740647731,guelph,unverified_url_evidence,https://www.kijiji.ca/v-cars-trucks/guelph/2023-honda-odyssey-touring/1740647731,,Kijiji
103,2023,Honda,Odyssey,Unknown,1,43650,No change noted,Unchanged for 3 weeks,3,43650,43650,0,0,66227,Unknown,Gas,No accidents reported,N/A,Unknown,Unknown,"High River, AB","High River, AB",,disabled_unverified_location,1739966030,kitchener-waterloo,unverified_url_evidence,https://www.kijiji.ca/v-cars-trucks/kitchener-waterloo/2023-honda-odyssey-ex-l-one-owner-accident-free-leather/1739966030,,Kijiji
104,2023,Honda,Odyssey,Unknown,1,43988,No change noted,Unchanged for 6 weeks,6,43988,43988,0,0,94450,Unknown,Gas,No accidents reported,N/A,Unknown,Unknown,"Regina, SK","Regina, SK",,disabled_unverified_location,1728522341,winnipeg,unverified_url_evidence,https://www.kijiji.ca/v-cars-trucks/winnipeg/2023-honda-odyssey-touring-8-passenger-no-accidents-factory/1728522341,,Kijiji
105,2023,Honda,Odyssey,Unknown,1,43998,No change noted,Up $500 over 1 weeks,1,43498,43498,500,500,92902,Unknown,Gas,Unknown,N/A,Unknown,Private,"Carstairs, AB","Carstairs, AB",,disabled_unverified_location,1740516683,london,unverified_url_evidence,https://www.kijiji.ca/v-cars-trucks/london/2023-honda-odyssey-touring-rear-seat-dvd-navigation-leath/1740516683,,Kijiji
106,2023,Honda,Odyssey,Unknown,1,43999,No change noted,Unchanged for 1 weeks,1,43999,43999,0,0,74807,Unknown,Gas,Unknown,N/A,Unknown,Private,"Carstairs, AB","Carstairs, AB",,disabled_unverified_location,1740796182,hamilton,unverified_url_evidence,https://www.kijiji.ca/v-cars-trucks/hamilton/2023-honda-odyssey-touring-passenger-van-automatic/1740796182,,Kijiji
107,2023,Honda,Odyssey,Unknown,1,44666,No change noted,"Down $1,300 over 6 weeks",6,45966,44666,0,-1300,48900,Unknown,Gas,Unknown,N/A,Unknown,Private,"Carstairs, AB","Carstairs, AB",,disabled_unverified_location,1737171667,ville-de-montreal,unverified_url_evidence,https://www.kijiji.ca/v-cars-trucks/ville-de-montreal/2023-honda-odyssey-black-edition-toit-ouvrant-7-passagers-1-prop/1737171667,,Kijiji
108,2023,Honda,Odyssey,Unknown,1,44702,No change noted,"Down $2,559 over 7 weeks",7,47261,45471,-769,-2559,53361,Unknown,Gas,Unknown,N/A,Unknown,Dealer,"Calgary, AB","Calgary, AB",,disabled_unverified_location,1738192593,calgary,unverified_url_evidence,https://www.kijiji.ca/v-cars-trucks/calgary/2023-honda-odyssey-touring-heated-vented-seats-navi-blind-spot/1738192593,,Kijiji
109,2023,Honda,Odyssey,Unknown,1,44989,No change noted,Down $875 over 6 weeks,6,45864,45899,-910,-875,78284,Unknown,Gas,No accidents reported,N/A,Unknown,Dealer,"Calgary, AB","Calgary, AB",,disabled_unverified_location,1739108126,calgary,unverified_url_evidence,https://www.kijiji.ca/v-cars-trucks/calgary/2023-honda-odyssey-touring-no-accidents-leather-rear-ente/1739108126,,Kijiji
110,2023,Honda,Odyssey,Unknown,1,45909,No change noted,Unchanged for 2 weeks,2,45909,45909,0,0,50752,Unknown,Gas,No accidents reported,N/A,Unknown,Private,"Carstairs, AB","Carstairs, AB",,disabled_unverified_location,1740056935,london,unverified_url_evidence,https://www.kijiji.ca/v-cars-trucks/london/2023-honda-odyssey-touring-1-owner-clean-carfax-leather/1740056935,,Kijiji
111,2023,Honda,Odyssey,Unknown,1,45988,No change noted,First seen this week,0,45988,45988,0,0,61417,Unknown,Gas,Unknown,N/A,Unknown,Dealer,"Edmonton, AB","Edmonton, AB",,disabled_unverified_location,1740935252,edmonton,unverified_url_evidence,https://www.kijiji.ca/v-cars-trucks/edmonton/2023-honda-odyssey-black-edition/1740935252,,Kijiji
112,2023,Honda,Odyssey,Unknown,1,46990,No change noted,Unchanged for 2 weeks,2,46990,46990,0,0,34572,Unknown,Gas,Unknown,N/A,Unknown,Private,"Carstairs, AB","Carstairs, AB",,disabled_unverified_location,1740522305,ville-de-montreal,unverified_url_evidence,https://www.kijiji.ca/v-cars-trucks/ville-de-montreal/2023-honda-odyssey-touring/1740522305,,Kijiji
113,2023,Honda,Odyssey,Unknown,1,49800,No change noted,Unchanged for 1 weeks,1,49800,49800,0,0,52000,Unknown,Gas,Unknown,N/A,Unknown,Private,"Regina, SK","Regina, SK",,disabled_unverified_location,1738028276,winnipeg,unverified_url_evidence,https://www.kijiji.ca/v-cars-trucks/winnipeg/2023-honda-odyssey-sunroof-blu-ray-leather-htd-vented-seat/1738028276,,Kijiji
