ranking_status,review_status,collection_status,data_quality_status,quality_warnings,source_run_status,source_completed_at_utc,location_status,distance_status,unverified_location_value,unverified_distance_value,year,make,model,trim,trim_tier,price,price_history,trend,weeks_tracked,price_first_seen,price_last_week,price_change_week,price_change_total,mileage,engine,fuel,accident_flag,days_on_market,dealer,seller_type,dealer_address,location,distance_km,distance_method,listing_id,url,source
DISABLED_MANUAL_REVIEW_REQUIRED,manual_review_required,success,clean,,success,2026-07-21T18:26:17+00:00,source_reported_not_independently_verified,legacy_method_not_yet_disambiguated,,,2019,Subaru,Forester,Convenience,1,18800,No change noted,"Down $1,700 over 7 weeks",7,20500,18800,0,-1700,157775,2.5L,Gasoline,Unknown,N/A,Unknown,Dealer,,"Taber, AB",292,city_center,022baef7-738d-427d-b1b2-4d340a15a33c,https://www.autotrader.ca/offers/subaru-forester-convenience-gasoline-grey-cat_ma67gr201384-022baef7-738d-427d-b1b2-4d340a15a33c,AutoTrader
DISABLED_MANUAL_REVIEW_REQUIRED,manual_review_required,success,clean,,success,2026-07-21T18:26:17+00:00,source_reported_not_independently_verified,legacy_method_not_yet_disambiguated,,,2019,Subaru,Forester,Sport,2,28777,No change noted,Unchanged for 2 weeks,2,28777,28777,0,0,99200,2.5L,Gasoline,Unknown,N/A,Subaru of Saskatoon,Dealer,"321 Circle Dr W, Saskatoon, SK, S7L 5S8","Saskatoon, SK",539,address,23615ce6-2a6b-41a4-837a-07f31e715d34,https://www.autotrader.ca/offers/subaru-forester-sport-gasoline-blue-cat_ma67gr201384tr7238-23615ce6-2a6b-41a4-837a-07f31e715d34,AutoTrader
DISABLED_MANUAL_REVIEW_REQUIRED,manual_review_required,success,clean,,success,2026-07-21T18:26:17+00:00,source_reported_not_independently_verified,legacy_method_not_yet_disambiguated,,,2019,Subaru,Forester,Limited,2,26500,No change noted,Unchanged for 3 weeks,3,26500,26500,0,0,91500,2.5L,Gasoline,Unknown,N/A,Unknown,Dealer,,"Calgary, AB",149,city_center,9ed80066-5bfb-459b-990d-f8ccb8856eeb,https://www.autotrader.ca/offers/subaru-forester-limited-gasoline-grey-cat_ma67gr201384tr15021-9ed80066-5bfb-459b-990d-f8ccb8856eeb,AutoTrader
DISABLED_MANUAL_REVIEW_REQUIRED,manual_review_required,success,clean,,success,2026-07-21T18:26:17+00:00,source_reported_not_independently_verified,legacy_method_not_yet_disambiguated,,,2019,Subaru,Forester,Convenience,1,24500,No change noted,Up $500 over 3 weeks,3,24000,24500,0,500,80773,2.5L,Gasoline,Unknown,N/A,Subaru City,Dealer,"17708-111 Ave. NW, Edmonton, AB, T5S 1P5","Edmonton, AB",158,address,d3dbde32-16c0-4f6f-8bb4-3fa308258fd3,https://www.autotrader.ca/offers/subaru-forester-convenience-gasoline-black-cat_ma67gr201384tr15009-d3dbde32-16c0-4f6f-8bb4-3fa308258fd3,AutoTrader
DISABLED_MANUAL_REVIEW_REQUIRED,manual_review_required,success,clean,,success,2026-07-21T18:26:17+00:00,source_reported_not_independently_verified,legacy_method_not_yet_disambiguated,,,2019,Subaru,Forester,Eye Sight Sport Low KM,2,26411,No change noted,Down $587 over 5 weeks,5,26998,26594,-183,-587,64849,2.5L,Gasoline,Accident reported,N/A,Go Mazda,Dealer,"9710 - 35 Ave, EDMONTON, AB, T6E6J6","EDMONTON, AB",154,city_center,de052e8c-c8a4-4947-b038-8bde70cf742a,https://www.autotrader.ca/offers/subaru-forester-eye-sight-sport-low-km-gasoline-white-cat_ma67gr201384tr7238-de052e8c-c8a4-4947-b038-8bde70cf742a,AutoTrader
DISABLED_MANUAL_REVIEW_REQUIRED,manual_review_required,success,clean,,success,2026-07-21T18:26:17+00:00,source_reported_not_independently_verified,legacy_method_not_yet_disambiguated,,,2020,Subaru,Forester,AWD PREMIER,1,19988,"Reduced from $ 20,999,-","Down $1,011 over 5 weeks",5,20999,19988,0,-1011,194543,2.5L,Gasoline,No accidents reported,N/A,Northside Nissan,Dealer,"13855 Manning Drive, Edmonton, AB, T5Y 3B2","Edmonton, AB",172,address,00706ea6-2a00-4676-ae1c-95e619ec84e9,https://www.autotrader.ca/offers/subaru-forester-awd-premier-gasoline-blue-cat_ma67gr201384tr15022-00706ea6-2a00-4676-ae1c-95e619ec84e9,AutoTrader
DISABLED_MANUAL_REVIEW_REQUIRED,manual_review_required,success,clean,,success,2026-07-21T18:26:17+00:00,source_reported_not_independently_verified,legacy_method_not_yet_disambiguated,,,2020,Subaru,Forester,2.5i Convenience,1,26888,No change noted,Unchanged for 9 weeks,9,26888,26888,0,0,60333,2.5L,Gasoline,Unknown,N/A,Ezway Auto Group,Dealer,"9704 27 Avenue Northwest, Edmonton, AB, T6N 1B2","Edmonton, AB",154,city_center,301cbc85-1d0c-41f8-a7dc-a60da1e5ee93,https://www.autotrader.ca/offers/subaru-forester-2-5i-convenience-gasoline-blue-cat_ma67gr201384tr15009-301cbc85-1d0c-41f8-a7dc-a60da1e5ee93,AutoTrader
DISABLED_MANUAL_REVIEW_REQUIRED,manual_review_required,success,clean,,success,2026-07-21T18:26:17+00:00,source_reported_not_independently_verified,legacy_method_not_yet_disambiguated,,,2020,Subaru,Forester,Touring  - Sunroof -  Heated Seats,3,27900,No change noted,Unchanged for 3 weeks,3,27900,27900,0,0,107214,2.5L,Gasoline,No accidents reported,N/A,ENS Toyota,Dealer,"627 Brand Court, Saskatoon, SK, S7J 5L3","Saskatoon, SK",543,address,3fb6edee-9b10-4adb-910c-2117a8463555,https://www.autotrader.ca/offers/subaru-forester-touring-sunroof-heated-seats-gasoline-grey-cat_ma67gr201384tr15027-3fb6edee-9b10-4adb-910c-2117a8463555,AutoTrader
DISABLED_MANUAL_REVIEW_REQUIRED,manual_review_required,success,clean,,success,2026-07-21T18:26:17+00:00,source_reported_not_independently_verified,legacy_method_not_yet_disambiguated,,,2020,Subaru,Forester,Premier,1,27000,No change noted,"Down $1,000 over 6 weeks",6,28000,27000,0,-1000,107625,2.5L,Gasoline,Unknown,N/A,Subaru City,Dealer,"17708-111 Ave. NW, Edmonton, AB, T5S 1P5","Edmonton, AB",158,address,c091489d-64b3-409d-b8b5-4458ec7587aa,https://www.autotrader.ca/offers/subaru-forester-premier-gasoline-black-cat_ma67gr201384tr15022-c091489d-64b3-409d-b8b5-4458ec7587aa,AutoTrader
DISABLED_MANUAL_REVIEW_REQUIRED,manual_review_required,success,clean,,success,2026-07-21T18:26:17+00:00,source_reported_not_independently_verified,legacy_method_not_yet_disambiguated,,,2021,Subaru,Forester,2.5i BACKUP CAMERA HEATED SEATS LANE ASSIT /,1,23988,No change noted,Unchanged for 11 weeks,11,23988,23988,0,0,127416,2.5L,Gasoline,Accident reported,N/A,Auto House,Dealer,"2404 23rd Ave NE, CALGARY, AB, T2E8J4","CALGARY, AB",149,city_center,12964d16-62fd-41ca-ae44-9c9a164fe03f,https://www.autotrader.ca/offers/subaru-forester-2-5i-backup-camera-heated-seats-lane-assit-gasoline-white-cat_ma67gr201384-12964d16-62fd-41ca-ae44-9c9a164fe03f,AutoTrader
DISABLED_MANUAL_REVIEW_REQUIRED,manual_review_required,success,clean,,success,2026-07-21T18:26:17+00:00,source_reported_not_independently_verified,legacy_method_not_yet_disambiguated,,,2021,Subaru,Forester,CONVENIENCE,1,27900,No change noted,Down $445 over 11 weeks,11,28345,27900,0,-445,88303,2.5L,Gasoline,Unknown,N/A,Wheat Country Motors,Dealer,"680 Winnipeg Street, REGINA, SK, S4R1H8","REGINA, SK",785,address,1629b416-8f03-4f91-9ac6-a09a1bb287e6,https://www.autotrader.ca/offers/subaru-forester-convenience-gasoline-red-cat_ma67gr201384tr15009-1629b416-8f03-4f91-9ac6-a09a1bb287e6,AutoTrader
DISABLED_MANUAL_REVIEW_REQUIRED,manual_review_required,success,clean,,success,2026-07-21T18:26:17+00:00,source_reported_not_independently_verified,legacy_method_not_yet_disambiguated,,,2021,Subaru,Forester,Sport  - Certified - Sunroof,2,28999,No change noted,Unchanged for 1 weeks,1,28999,28999,0,0,84976,2.5L,Gasoline,Accident reported,N/A,Rally Subaru,Dealer,"5220 Gateway Boulevard NW, Edmonton, AB, T6H 4J7","Edmonton, AB",147,address,5810d62b-0353-453c-9b5d-813839ee0330,https://www.autotrader.ca/offers/subaru-forester-sport-certified-sunroof-gasoline-black-cat_ma67gr201384tr7238-5810d62b-0353-453c-9b5d-813839ee0330,AutoTrader
DISABLED_MANUAL_REVIEW_REQUIRED,manual_review_required,success,clean,,success,2026-07-21T18:26:17+00:00,source_reported_not_independently_verified,legacy_method_not_yet_disambiguated,,,2021,Subaru,Forester,Convenience | Bluetooth Connection | Back Up Camer,1,25995,No change noted,Unchanged for 3 weeks,3,25995,25995,0,0,115624,2.5L,Gasoline,Accident reported,N/A,Subaru Calgary,Dealer,"1100 Meridian Rd. N.E., CALGARY, AB, T2A 2N9","CALGARY, AB",149,city_center,652f5299-0b70-4c62-9cef-1ba7cab77178,https://www.autotrader.ca/offers/subaru-forester-convenience-bluetooth-connection-back-up-camer-gasoline-blue-cat_ma67gr201384tr15009-652f5299-0b70-4c62-9cef-1ba7cab77178,AutoTrader
DISABLED_MANUAL_REVIEW_REQUIRED,manual_review_required,success,clean,,success,2026-07-21T18:26:17+00:00,source_reported_not_independently_verified,legacy_method_not_yet_disambiguated,,,2021,Subaru,Forester,Touring AWD | EYESIGHT | STARLINK | HEATED SEATS,3,26995,No change noted,Unchanged for 4 weeks,4,26995,26995,0,0,126468,2.5L,Gasoline,Unknown,N/A,Auto Gallery Subaru,Dealer,"609 Winnipeg Street, REGINA, SK, S4R 8P2","REGINA, SK",784,address,cc05f5f8-630a-49be-95cc-40b239bed84d,https://www.autotrader.ca/offers/subaru-forester-touring-awd-eyesight-starlink-heated-seats-gasoline-black-cat_ma67gr201384tr15027-cc05f5f8-630a-49be-95cc-40b239bed84d,AutoTrader
DISABLED_MANUAL_REVIEW_REQUIRED,manual_review_required,success,clean,,success,2026-07-21T18:26:17+00:00,source_reported_not_independently_verified,legacy_method_not_yet_disambiguated,,,2021,Subaru,Forester,Premier  | AWD | LEATHER | SUNROOF |,1,31995,No change noted,Unchanged for 5 weeks,5,31995,31995,0,0,58930,2.5L,Gasoline,Unknown,N/A,OLYMPIC SUPER CENTER,Dealer,"665 University Park Dr, REGINA, SK, S4R2V8","REGINA, SK",790,address,fd238ac1-2f5b-4b36-a785-df86c40132e8,https://www.autotrader.ca/offers/subaru-forester-premier-awd-leather-sunroof-gasoline-white-cat_ma67gr201384tr15022-fd238ac1-2f5b-4b36-a785-df86c40132e8,AutoTrader
DISABLED_MANUAL_REVIEW_REQUIRED,manual_review_required,success,clean,,success,2026-07-21T18:26:17+00:00,source_reported_not_independently_verified,legacy_method_not_yet_disambiguated,,,2022,Subaru,Forester,"CVT, 2.5L H-4 ENG, HEATED FRONT SEATS, HEATED STEE",1,26987,No change noted,Down $500 over 2 weeks,2,27487,26987,0,-500,69965,2.5L,Gasoline,Accident reported,N/A,Team Ford,Dealer,"3304 - 91 St., EDMONTON, AB, T6N 1C1","EDMONTON, AB",142,address,05dea6ad-dffd-4d22-8d7d-8f7d3cdd5eeb,https://www.autotrader.ca/offers/subaru-forester-cvt-2-5l-h-4-eng-heated-front-seats-heated-stee-gasoline-black-cat_ma67gr201384-05dea6ad-dffd-4d22-8d7d-8f7d3cdd5eeb,AutoTrader
DISABLED_MANUAL_REVIEW_REQUIRED,manual_review_required,success,clean,,success,2026-07-21T18:26:17+00:00,source_reported_not_independently_verified,legacy_method_not_yet_disambiguated,,,2022,Subaru,Forester,Convenience BACKUP CAMERA LANE ASSIST PUSH BUTTON,1,25988,No change noted,Unchanged for 4 weeks,4,25988,25988,0,0,124998,2.5L,Gasoline,Accident reported,N/A,Auto House,Dealer,"2404 23rd Ave NE, CALGARY, AB, T2E8J4","CALGARY, AB",149,city_center,19a171ca-a132-4d1b-a523-79ad5c66c587,https://www.autotrader.ca/offers/subaru-forester-convenience-backup-camera-lane-assist-push-button-gasoline-black-cat_ma67gr201384tr15009-19a171ca-a132-4d1b-a523-79ad5c66c587,AutoTrader
DISABLED_MANUAL_REVIEW_REQUIRED,manual_review_required,success,clean,,success,2026-07-21T18:26:17+00:00,source_reported_not_independently_verified,legacy_method_not_yet_disambiguated,,,2022,Subaru,Forester,Sport | AWD | Heated Seats & Wheel,2,33398,No change noted,Unchanged for 1 weeks,1,33398,33398,0,0,75848,Unknown,Gasoline,Unknown,N/A,Dodge City Auto,Dealer,"2200 8th Street East, SASKATOON, SK, S7H 0V3","SASKATOON, SK",542,address,416ca519-b412-4db2-bcd3-34bd0bf0d693,https://www.autotrader.ca/offers/subaru-forester-sport-awd-heated-seats-wheel-gasoline-white-cat_ma67gr201384tr7238-416ca519-b412-4db2-bcd3-34bd0bf0d693,AutoTrader
DISABLED_MANUAL_REVIEW_REQUIRED,manual_review_required,success,clean,,success,2026-07-21T18:26:17+00:00,source_reported_not_independently_verified,legacy_method_not_yet_disambiguated,,,2022,Subaru,Forester,Convenience,1,31971,No change noted,First seen this week,0,31971,31971,0,0,36304,Unknown,Gasoline,Unknown,N/A,Northland Volkswagen,Dealer,"4849 Northland Drive N.W., CALGARY, AB, T2L 2K3","CALGARY, AB",149,city_center,a9cd3c5d-8591-4eee-b4bd-e4025bda7867,https://www.autotrader.ca/offers/subaru-forester-convenience-gasoline-cat_ma67gr201384tr15009-a9cd3c5d-8591-4eee-b4bd-e4025bda7867,AutoTrader
DISABLED_MANUAL_REVIEW_REQUIRED,manual_review_required,success,clean,,success,2026-07-21T18:26:17+00:00,source_reported_not_independently_verified,legacy_method_not_yet_disambiguated,,,2022,Subaru,Forester,Premier CVT One Owner,1,36495,No change noted,Unchanged for 1 weeks,1,36495,36495,0,0,66196,Unknown,Gasoline,Unknown,N/A,South Pointe Honda,Dealer,"11609 40 St SE, Calgary, AB, T2Z4M8","Calgary, AB",163,address,bae91a27-3f20-43e9-802c-b88605482f0c,https://www.autotrader.ca/offers/subaru-forester-premier-cvt-one-owner-gasoline-cat_ma67gr201384tr15022-bae91a27-3f20-43e9-802c-b88605482f0c,AutoTrader
DISABLED_MANUAL_REVIEW_REQUIRED,manual_review_required,success,clean,,success,2026-07-21T18:26:17+00:00,source_reported_not_independently_verified,legacy_method_not_yet_disambiguated,,,2022,Subaru,Forester,Limited,2,31995,No change noted,"Down $1,000 over 6 weeks",6,32995,31995,0,-1000,64460,2.5L,Gasoline,Unknown,N/A,Genesis South Edmonton,Dealer,"10150 34 Ave NW, Edmonton, AB, T6E 6C8","Edmonton, AB",145,address,fb3da6c4-7800-4fba-ab6d-eddea1d2968f,https://www.autotrader.ca/offers/subaru-forester-limited-gasoline-black-cat_ma67gr201384tr15021-fb3da6c4-7800-4fba-ab6d-eddea1d2968f,AutoTrader
DISABLED_MANUAL_REVIEW_REQUIRED,manual_review_required,success,clean,,success,2026-07-21T18:26:17+00:00,source_reported_not_independently_verified,legacy_method_not_yet_disambiguated,,,2023,Subaru,Forester,"WILDERNESS; LEATHER, AWD, SUNROOF, 3M, WINTER/SUMM",3,37997,No change noted,Unchanged for 1 weeks,1,37997,37997,0,0,26266,2.5L,Gasoline,Unknown,N/A,Toyota on the Trail,Dealer,"5210 Calgary Trail NW, Edmonton, AB, T6H 4J8","Edmonton, AB",147,address,0395a03e-801a-4b00-aa64-875eba7f9b95,https://www.autotrader.ca/offers/subaru-forester-wilderness-leather-awd-sunroof-3m-winter-summ-gasoline-black-cat_ma67gr201384tr15028-0395a03e-801a-4b00-aa64-875eba7f9b95,AutoTrader
DISABLED_MANUAL_REVIEW_REQUIRED,manual_review_required,success,clean,,success,2026-07-21T18:26:17+00:00,source_reported_not_independently_verified,legacy_method_not_yet_disambiguated,,,2023,Subaru,Forester,TOURING AWD PANORAMIC SUNROOF HEATED WHEEL,3,31977,No change noted,Unchanged for 6 weeks,6,31977,31977,0,0,56618,2.5L,Gasoline,Unknown,N/A,Go Auto Sherwood Park,Dealer,"2335 Broadmoor Blvd, Sherwood Park, AB, T8H 1N1","Sherwood Park, AB",166,address,30aa9e1f-c0de-460f-961f-68130c90f471,https://www.autotrader.ca/offers/subaru-forester-touring-awd-panoramic-sunroof-heated-wheel-gasoline-cat_ma67gr201384tr15027-30aa9e1f-c0de-460f-961f-68130c90f471,AutoTrader
DISABLED_MANUAL_REVIEW_REQUIRED,manual_review_required,success,clean,,success,2026-07-21T18:26:17+00:00,source_reported_not_independently_verified,legacy_method_not_yet_disambiguated,,,2023,Subaru,Forester,Wilderness CVT,3,37497,No change noted,First seen this week,0,37497,37497,0,0,42554,2.5L,Gasoline,Unknown,N/A,Go Kia South,Dealer,"3030 Gateway Blvd, EDMONTON, AB, T6J 6V4","EDMONTON, AB",144,address,4ed9e815-eccb-4c0c-ace6-303d765d6b96,https://www.autotrader.ca/offers/subaru-forester-wilderness-cvt-gasoline-blue-cat_ma67gr201384tr15028-4ed9e815-eccb-4c0c-ace6-303d765d6b96,AutoTrader
DISABLED_MANUAL_REVIEW_REQUIRED,manual_review_required,success,clean,,success,2026-07-21T18:26:17+00:00,source_reported_not_independently_verified,legacy_method_not_yet_disambiguated,,,2023,Subaru,Forester,| Subaru EyeSight Driver Assist Technology | Backu,1,28995,No change noted,Unchanged for 1 weeks,1,28995,28995,0,0,114232,2.5L,Gasoline,Accident reported,N/A,Subaru Calgary,Dealer,"1100 Meridian Rd. N.E., CALGARY, AB, T2A 2N9","CALGARY, AB",149,city_center,571d26c3-676e-402a-9cc9-c6e1a1e89750,https://www.autotrader.ca/offers/subaru-forester-subaru-eyesight-driver-assist-technology-backu-gasoline-grey-cat_ma67gr201384-571d26c3-676e-402a-9cc9-c6e1a1e89750,AutoTrader
DISABLED_MANUAL_REVIEW_REQUIRED,manual_review_required,success,clean,,success,2026-07-21T18:26:17+00:00,source_reported_not_independently_verified,legacy_method_not_yet_disambiguated,,,2023,Subaru,Forester,"SPORT; EYESIGHT PKG, SUNROOF, AWD, HEATED SEATS/WH",2,28997,No change noted,Unchanged for 2 weeks,2,28997,28997,0,0,103314,2.5L,Gasoline,Unknown,N/A,Toyota on the Trail,Dealer,"5210 Calgary Trail NW, Edmonton, AB, T6H 4J8","Edmonton, AB",147,address,581721cd-584f-4a19-9307-4f58278b7b88,https://www.autotrader.ca/offers/subaru-forester-sport-eyesight-pkg-sunroof-awd-heated-seats-wh-gasoline-silver-cat_ma67gr201384tr7238-581721cd-584f-4a19-9307-4f58278b7b88,AutoTrader
DISABLED_MANUAL_REVIEW_REQUIRED,manual_review_required,success,clean,,success,2026-07-21T18:26:17+00:00,source_reported_not_independently_verified,legacy_method_not_yet_disambiguated,,,2023,Subaru,Forester,Touring  Moonroof,3,30995,"Reduced from $ 31,995,-","Down $1,000 over 9 weeks",9,31995,31995,-1000,-1000,78023,2.5L,Gasoline,Accident reported,N/A,South Trail Nissan,Dealer,"6603 130 Ave SE, Calgary, AB, T2Z5E1","Calgary, AB",166,address,91174c9e-a9c4-4af7-ac2b-86913621ecfb,https://www.autotrader.ca/offers/subaru-forester-touring-moonroof-gasoline-black-cat_ma67gr201384tr15027-91174c9e-a9c4-4af7-ac2b-86913621ecfb,AutoTrader
DISABLED_MANUAL_REVIEW_REQUIRED,manual_review_required,success,clean,,success,2026-07-21T18:26:17+00:00,source_reported_not_independently_verified,legacy_method_not_yet_disambiguated,,,2023,Subaru,Forester,2.5L CVT Fresh Trade! No Accidents!,1,28499,No change noted,"Down $2,100 over 11 weeks",11,30599,28999,-500,-2100,58396,2.5L,Gasoline,No accidents reported,N/A,Regina Nissan,Dealer,"111 Broad St., REGINA, SK, S4R 2E4","REGINA, SK",783,address,b08eb0cb-cbd6-481e-97e1-753a8fcc635c,https://www.autotrader.ca/offers/subaru-forester-2-5l-cvt-fresh-trade-no-accidents-gasoline-white-cat_ma67gr201384-b08eb0cb-cbd6-481e-97e1-753a8fcc635c,AutoTrader
DISABLED_MANUAL_REVIEW_REQUIRED,manual_review_required,success,clean,,success,2026-07-21T18:26:17+00:00,source_reported_not_independently_verified,legacy_method_not_yet_disambiguated,,,2024,Subaru,Forester,Limited 2.5L CVT LEATHER / SUNROOF / POWER TAILGAT,2,32998,No change noted,"Down $2,000 over 9 weeks",9,34998,32998,0,-2000,77922,2.5L,Gasoline,Unknown,N/A,Regina Nissan,Dealer,"111 Broad St., REGINA, SK, S4R 2E4","REGINA, SK",783,address,0b6b414f-65ad-49a5-b2a5-1f285814f37c,https://www.autotrader.ca/offers/subaru-forester-limited-2-5l-cvt-leather-sunroof-power-tailgat-gasoline-cat_ma67gr201384tr15021-0b6b414f-65ad-49a5-b2a5-1f285814f37c,AutoTrader
DISABLED_MANUAL_REVIEW_REQUIRED,manual_review_required,success,clean,,success,2026-07-21T18:26:17+00:00,source_reported_not_independently_verified,legacy_method_not_yet_disambiguated,,,2024,Subaru,Forester,Touring | X-MODE AWD | STARLINK | EYESIGHT,3,35995,No change noted,Unchanged for 4 weeks,4,35995,35995,0,0,58363,2.5L,Gasoline,Unknown,N/A,Auto Gallery Subaru,Dealer,"609 Winnipeg Street, REGINA, SK, S4R 8P2","REGINA, SK",784,address,5c0abcc6-9741-463e-86d8-883c7ab725f4,https://www.autotrader.ca/offers/subaru-forester-touring-x-mode-awd-starlink-eyesight-gasoline-silver-cat_ma67gr201384tr15027-5c0abcc6-9741-463e-86d8-883c7ab725f4,AutoTrader
DISABLED_MANUAL_REVIEW_REQUIRED,manual_review_required,success,clean,,success,2026-07-21T18:26:17+00:00,source_reported_not_independently_verified,legacy_method_not_yet_disambiguated,,,2024,Subaru,Forester,"One Owner, Sunroof, Apple CarPlay, Driver Assist",1,29998,No change noted,"Down $2,477 over 4 weeks",4,32475,31238,-1240,-2477,111497,2.5L,Gasoline,Unknown,N/A,Porsche Centre Edmonton,Dealer,"18125 Stony Plain Rd, EDMONTON, AB, T5S 1B1","EDMONTON, AB",163,address,8640e053-d684-4d4d-bc2f-4d350dd5d59b,https://www.autotrader.ca/offers/subaru-forester-one-owner-sunroof-apple-carplay-driver-assist-gasoline-white-cat_ma67gr201384tr15027-8640e053-d684-4d4d-bc2f-4d350dd5d59b,AutoTrader
DISABLED_MANUAL_REVIEW_REQUIRED,manual_review_required,success,clean,,success,2026-07-21T18:26:17+00:00,source_reported_not_independently_verified,legacy_method_not_yet_disambiguated,,,2024,Subaru,Forester,"TOURING, 2.5L I4, AWD",3,33900,"Reduced from $ 34,900,-","Down $2,000 over 6 weeks",6,35900,33900,0,-2000,25235,2.5L,Gasoline,Accident reported,N/A,Merlin Ford,Dealer,"3750 Idylwyld Drive North, SASKATOON, SK, S7K6G3","SASKATOON, SK",543,address,daa4c622-436a-405e-a2e5-dc3615f31904,https://www.autotrader.ca/offers/subaru-forester-touring-2-5l-i4-awd-gasoline-grey-cat_ma67gr201384tr15027-daa4c622-436a-405e-a2e5-dc3615f31904,AutoTrader
DISABLED_MANUAL_REVIEW_REQUIRED,location_verification_required,success,warnings_present,unverified_kijiji_location,success,2026-07-21T20:40:29+00:00,unverified_search_origin_not_listing_location,disabled_due_to_unverified_location,"Canmore, AB",242,2019,Subaru,Forester,Unknown,1,15950,No change noted,Unchanged for 9 weeks,9,15950,15950,0,0,186124,Unknown,Gas,Unknown,N/A,Unknown,Private,,,,,1729441997,https://www.kijiji.ca/v-cars-trucks/ville-de-quebec/forester-2-5i-automatique-awd-garantie-12m-bluetooth-camera-sieg/1729441997,Kijiji
DISABLED_MANUAL_REVIEW_REQUIRED,location_verification_required,success,warnings_present,unverified_kijiji_location,success,2026-07-21T20:40:29+00:00,unverified_search_origin_not_listing_location,disabled_due_to_unverified_location,"Canmore, AB",242,2019,Subaru,Forester,limited,2,21995,No change noted,Unchanged for 10 weeks,10,21995,21995,0,0,174000,Unknown,Gas,Unknown,N/A,Unknown,Private,,,,,1733311836,https://www.kijiji.ca/v-cars-trucks/fredericton/2019-subaru-forester-limited/1733311836,Kijiji
DISABLED_MANUAL_REVIEW_REQUIRED,location_verification_required,success,warnings_present,unverified_kijiji_location,success,2026-07-21T20:40:29+00:00,unverified_search_origin_not_listing_location,disabled_due_to_unverified_location,"Canmore, AB",242,2019,Subaru,Forester,convenience,1,25873,No change noted,"Down $1,319 over 10 weeks",10,27192,25873,0,-1319,94670,Unknown,Gas,Unknown,N/A,Unknown,Dealer,,,,,1736868827,https://www.kijiji.ca/v-cars-trucks/grande-prairie/2019-subaru-forester-convenience/1736868827,Kijiji
DISABLED_MANUAL_REVIEW_REQUIRED,location_verification_required,success,warnings_present,unverified_kijiji_location,success,2026-07-21T20:40:29+00:00,unverified_search_origin_not_listing_location,disabled_due_to_unverified_location,"Canmore, AB",242,2019,Subaru,Forester,convenience,1,21190,No change noted,Down $200 over 1 weeks,1,21390,21390,-200,-200,102401,Unknown,Gas,Unknown,N/A,Unknown,Private,,,,,1738419499,https://www.kijiji.ca/v-cars-trucks/bedford/2019-subaru-forester-2-5i-convenience/1738419499,Kijiji
DISABLED_MANUAL_REVIEW_REQUIRED,location_verification_required,success,warnings_present,unverified_kijiji_location,success,2026-07-21T20:40:29+00:00,unverified_search_origin_not_listing_location,disabled_due_to_unverified_location,"Canmore, AB",242,2019,Subaru,Forester,convenience,1,15995,No change noted,Unchanged for 7 weeks,7,15995,15995,0,0,169000,Unknown,Gas,Unknown,N/A,Unknown,Dealer,,,,,1738599500,https://www.kijiji.ca/v-cars-trucks/fredericton/2019-subaru-forester-2-5i-convenience-heated-seats-backup-ca/1738599500,Kijiji
DISABLED_MANUAL_REVIEW_REQUIRED,location_verification_required,success,warnings_present,unverified_kijiji_location,success,2026-07-21T20:40:29+00:00,unverified_search_origin_not_listing_location,disabled_due_to_unverified_location,"Calgary, AB",149,2019,Subaru,Forester,convenience,1,16900,No change noted,Unchanged for 7 weeks,7,16900,16900,0,0,90000,Unknown,Gas,Unknown,N/A,Unknown,Private,,,,,1738795946,https://www.kijiji.ca/v-cars-trucks/calgary/2019-subaru-forester/1738795946,Kijiji
DISABLED_MANUAL_REVIEW_REQUIRED,location_verification_required,success,warnings_present,unverified_kijiji_location,success,2026-07-21T20:40:29+00:00,unverified_search_origin_not_listing_location,disabled_due_to_unverified_location,"Calgary, AB",149,2019,Subaru,Forester,touring,3,22975,No change noted,"Down $2,135 over 6 weeks",6,25110,22586,389,-2135,111746,Unknown,Gas,Unknown,N/A,Unknown,Dealer,,,,,1739060814,https://www.kijiji.ca/v-cars-trucks/calgary/2019-subaru-forester/1739060814,Kijiji
DISABLED_MANUAL_REVIEW_REQUIRED,location_verification_required,success,warnings_present,unverified_kijiji_location,success,2026-07-21T20:40:29+00:00,unverified_search_origin_not_listing_location,disabled_due_to_unverified_location,"Canmore, AB",242,2019,Subaru,Forester,Unknown,1,19308,No change noted,Down $400 over 4 weeks,4,19708,19339,-31,-400,182025,Unknown,Gas,Unknown,N/A,Unknown,Dealer,,,,,1739358837,https://www.kijiji.ca/v-cars-trucks/grande-prairie/2019-subaru-forester-premier/1739358837,Kijiji
DISABLED_MANUAL_REVIEW_REQUIRED,location_verification_required,success,warnings_present,unverified_kijiji_location,success,2026-07-21T20:40:29+00:00,unverified_search_origin_not_listing_location,disabled_due_to_unverified_location,"Canmore, AB",242,2019,Subaru,Forester,sport,2,23995,No change noted,Unchanged for 2 weeks,2,23995,23995,0,0,97700,Unknown,Gas,Unknown,N/A,Unknown,Private,,,,,1739918288,https://www.kijiji.ca/v-cars-trucks/annapolis-valley/2019-subaru-forester-sport-w-eyesight-awd-low-km-loaded/1739918288,Kijiji
DISABLED_MANUAL_REVIEW_REQUIRED,location_verification_required,success,warnings_present,unverified_kijiji_location,success,2026-07-21T20:40:29+00:00,unverified_search_origin_not_listing_location,disabled_due_to_unverified_location,"Canmore, AB",242,2019,Subaru,Forester,Unknown,1,20999,No change noted,Unchanged for 1 weeks,1,20999,20999,0,0,145114,Unknown,Gas,No accidents reported,N/A,Unknown,Dealer,,,,,1740104937,https://www.kijiji.ca/v-cars-trucks/grande-prairie/2019-subaru-forester-2-5i-premier-no-accidents-awd-eyesig/1740104937,Kijiji
DISABLED_MANUAL_REVIEW_REQUIRED,location_verification_required,success,warnings_present,unverified_kijiji_location,success,2026-07-21T20:40:29+00:00,unverified_search_origin_not_listing_location,disabled_due_to_unverified_location,"Canmore, AB",242,2019,Subaru,Forester,Unknown,1,6375,No change noted,Unchanged for 2 weeks,2,6375,6375,0,0,175000,2.0L,Gas,Unknown,N/A,Unknown,Private,,,,,1740175534,https://www.kijiji.ca/v-cars-trucks/ville-de-montreal/2019-hyundai-elantra-2-0l-4-cyl-manual-6-speed/1740175534,Kijiji
DISABLED_MANUAL_REVIEW_REQUIRED,location_verification_required,success,warnings_present,unverified_kijiji_location,success,2026-07-21T20:40:29+00:00,unverified_search_origin_not_listing_location,disabled_due_to_unverified_location,"Canmore, AB",242,2019,Subaru,Forester,limited,2,17200,No change noted,Unchanged for 1 weeks,1,17200,17200,0,0,226217,Unknown,Gas,No accidents reported,N/A,Unknown,Private,,,,,1740286288,https://www.kijiji.ca/v-cars-trucks/london/2019-subaru-forester-limited-1-owner-clean-carfax/1740286288,Kijiji
DISABLED_MANUAL_REVIEW_REQUIRED,location_verification_required,success,warnings_present,unverified_kijiji_location,success,2026-07-21T20:40:29+00:00,unverified_search_origin_not_listing_location,disabled_due_to_unverified_location,"Canmore, AB",242,2019,Subaru,Forester,touring,3,23435,No change noted,Down $60 over 1 weeks,1,23495,23495,-60,-60,56171,Unknown,Gas,Unknown,N/A,Unknown,Private,,,,,1740294530,https://www.kijiji.ca/v-cars-trucks/ville-de-montreal/2019-subaru-forester-touring-awd-cruise-mags-nouvel-arrivage/1740294530,Kijiji
DISABLED_MANUAL_REVIEW_REQUIRED,location_verification_required,success,warnings_present,unverified_kijiji_location,success,2026-07-21T20:40:29+00:00,unverified_search_origin_not_listing_location,disabled_due_to_unverified_location,"Canmore, AB",242,2019,Subaru,Forester,Unknown,1,19995,No change noted,Unchanged for 1 weeks,1,19995,19995,0,0,124072,Unknown,Gas,Unknown,N/A,Unknown,Private,,,,,1740385907,https://www.kijiji.ca/v-cars-trucks/mississauga-peel-region/2019-subaru-forester-2-5i-premier-brown-leather-sunroof-na/1740385907,Kijiji
DISABLED_MANUAL_REVIEW_REQUIRED,location_verification_required,success,warnings_present,unverified_kijiji_location,success,2026-07-21T20:40:29+00:00,unverified_search_origin_not_listing_location,disabled_due_to_unverified_location,"Canmore, AB",242,2019,Subaru,Forester,limited,2,25933,No change noted,Unchanged for 1 weeks,1,25933,25933,0,0,85440,Unknown,Gas,Unknown,N/A,Unknown,Private,,,,,1740420392,https://www.kijiji.ca/v-cars-trucks/thunder-bay/2019-subaru-forester-2-5i-limited/1740420392,Kijiji
DISABLED_MANUAL_REVIEW_REQUIRED,location_verification_required,success,warnings_present,unverified_kijiji_location,success,2026-07-21T20:40:29+00:00,unverified_search_origin_not_listing_location,disabled_due_to_unverified_location,"Regina, SK",786,2019,Subaru,Forester,limited,2,20000,No change noted,First seen this week,0,20000,20000,0,0,151204,2.5L,Gas,Unknown,N/A,Unknown,Private,,,,,1740550339,https://www.kijiji.ca/v-cars-trucks/winnipeg/subaru-forester-limited-2-5l/1740550339,Kijiji
DISABLED_MANUAL_REVIEW_REQUIRED,location_verification_required,success,warnings_present,unverified_kijiji_location,success,2026-07-21T20:40:29+00:00,unverified_search_origin_not_listing_location,disabled_due_to_unverified_location,"Canmore, AB",242,2019,Subaru,Forester,Unknown,1,17493,No change noted,First seen this week,0,17493,17493,0,0,134363,Unknown,Gas,Unknown,N/A,Unknown,Private,,,,,1740580550,https://www.kijiji.ca/v-cars-trucks/longueuil-rive-sud/2019-subaru-forester-camera-recul-carplay-eyesight-siege-chau/1740580550,Kijiji
DISABLED_MANUAL_REVIEW_REQUIRED,location_verification_required,success,warnings_present,unverified_kijiji_location,success,2026-07-21T20:40:29+00:00,unverified_search_origin_not_listing_location,disabled_due_to_unverified_location,"Canmore, AB",242,2019,Subaru,Forester,Unknown,1,23995,No change noted,First seen this week,0,23995,23995,0,0,95121,Unknown,Gas,Unknown,N/A,Unknown,Private,,,,,1740606317,https://www.kijiji.ca/v-cars-trucks/bedford/2019-subaru-forester-premier-w-eyesight-one-owner-brown-leath/1740606317,Kijiji
DISABLED_MANUAL_REVIEW_REQUIRED,location_verification_required,success,warnings_present,unverified_kijiji_location,success,2026-07-21T20:40:29+00:00,unverified_search_origin_not_listing_location,disabled_due_to_unverified_location,"Regina, SK",786,2019,Subaru,Forester,limited,2,22995,No change noted,First seen this week,0,22995,22995,0,0,148042,Unknown,Gas,Unknown,N/A,Unknown,Private,,,,,1740690889,https://www.kijiji.ca/v-cars-trucks/winnipeg/2019-subaru-forester-limited/1740690889,Kijiji
DISABLED_MANUAL_REVIEW_REQUIRED,location_verification_required,success,warnings_present,unverified_kijiji_location,success,2026-07-21T20:40:29+00:00,unverified_search_origin_not_listing_location,disabled_due_to_unverified_location,"Edmonton, AB",154,2020,Subaru,Forester,Unknown,1,19988,No change noted,"Down $1,011 over 10 weeks",10,20999,19988,0,-1011,194543,Unknown,Gas,No accidents reported,N/A,Unknown,Dealer,,,,,1737185247,https://www.kijiji.ca/v-cars-trucks/edmonton/2020-subaru-forester-awd-premier/1737185247,Kijiji
DISABLED_MANUAL_REVIEW_REQUIRED,location_verification_required,success,warnings_present,unverified_kijiji_location,success,2026-07-21T20:40:29+00:00,unverified_search_origin_not_listing_location,disabled_due_to_unverified_location,"Calgary, AB",149,2020,Subaru,Forester,limited,2,24995,No change noted,"Down $1,000 over 8 weeks",8,25995,24995,0,-1000,130400,Unknown,Gas,Unknown,N/A,Unknown,Dealer,,,,,1738417932,https://www.kijiji.ca/v-cars-trucks/calgary/2020-subaru-forester-limited/1738417932,Kijiji
DISABLED_MANUAL_REVIEW_REQUIRED,location_verification_required,success,warnings_present,unverified_kijiji_location,success,2026-07-21T20:40:29+00:00,unverified_search_origin_not_listing_location,disabled_due_to_unverified_location,"Canmore, AB",242,2020,Subaru,Forester,Unknown,1,26988,No change noted,"Down $1,000 over 4 weeks",4,27988,27488,-500,-1000,86874,Unknown,Gas,Unknown,N/A,Unknown,Private,,,,,1739453141,https://www.kijiji.ca/v-cars-trucks/markham-york-region/2020-subaru-forester-premier-premier-nappa-leather/1739453141,Kijiji
DISABLED_MANUAL_REVIEW_REQUIRED,location_verification_required,success,warnings_present,unverified_kijiji_location,success,2026-07-21T20:40:29+00:00,unverified_search_origin_not_listing_location,disabled_due_to_unverified_location,"Saskatoon, SK",538,2020,Subaru,Forester,touring,3,27900,No change noted,Unchanged for 3 weeks,3,27900,27900,0,0,107214,Unknown,Gas,Unknown,N/A,Unknown,Private,,,,,1739549987,https://www.kijiji.ca/v-cars-trucks/saskatoon/2020-subaru-forester-touring-sunroof-heated-seats/1739549987,Kijiji
DISABLED_MANUAL_REVIEW_REQUIRED,location_verification_required,success,warnings_present,unverified_kijiji_location,success,2026-07-21T20:40:29+00:00,unverified_search_origin_not_listing_location,disabled_due_to_unverified_location,"Canmore, AB",242,2020,Subaru,Forester,sport,2,22995,No change noted,"Down $1,000 over 3 weeks",3,23995,23985,-990,-1000,153781,Unknown,Gas,Unknown,N/A,Unknown,Private,,,,,1739597463,https://www.kijiji.ca/v-cars-trucks/bridgewater/2020-subaru-forester-sport/1739597463,Kijiji
DISABLED_MANUAL_REVIEW_REQUIRED,location_verification_required,success,warnings_present,unverified_kijiji_location,success,2026-07-21T20:40:29+00:00,unverified_search_origin_not_listing_location,disabled_due_to_unverified_location,"Canmore, AB",242,2020,Subaru,Forester,sport,2,24993,No change noted,"Down $1,000 over 3 weeks",3,25993,25993,-1000,-1000,42616,Unknown,Gas,Unknown,N/A,Unknown,Private,,,,,1739619078,https://www.kijiji.ca/v-cars-trucks/longueuil-rive-sud/2020-subaru-forester-sport-toit-ouvrant-phare-a-del-carplay/1739619078,Kijiji
DISABLED_MANUAL_REVIEW_REQUIRED,location_verification_required,success,warnings_present,unverified_kijiji_location,success,2026-07-21T20:40:29+00:00,unverified_search_origin_not_listing_location,disabled_due_to_unverified_location,"Canmore, AB",242,2020,Subaru,Forester,limited,2,23295,No change noted,Down $700 over 3 weeks,3,23995,23495,-200,-700,99778,Unknown,Gas,Unknown,N/A,Unknown,Private,,,,,1739649964,https://www.kijiji.ca/v-cars-trucks/ville-de-montreal/2020-subaru-forester-limited-sieges-chauff-cuir-toit-pano/1739649964,Kijiji
DISABLED_MANUAL_REVIEW_REQUIRED,location_verification_required,success,warnings_present,unverified_kijiji_location,success,2026-07-21T20:40:29+00:00,unverified_search_origin_not_listing_location,disabled_due_to_unverified_location,"Canmore, AB",242,2020,Subaru,Forester,limited,2,28788,No change noted,Down $100 over 3 weeks,3,28888,28788,0,-100,77817,Unknown,Gas,No accidents reported,N/A,Unknown,Private,,,,,1739827880,https://www.kijiji.ca/v-cars-trucks/mississauga-peel-region/2020-subaru-forester-limited-limited-2-set-rims-tires-cle/1739827880,Kijiji
DISABLED_MANUAL_REVIEW_REQUIRED,location_verification_required,success,warnings_present,unverified_kijiji_location,success,2026-07-21T20:40:29+00:00,unverified_search_origin_not_listing_location,disabled_due_to_unverified_location,"Canmore, AB",242,2020,Subaru,Forester,touring,3,24993,No change noted,Unchanged for 2 weeks,2,24993,24993,0,0,61620,Unknown,Gas,Unknown,N/A,Unknown,Private,,,,,1740035624,https://www.kijiji.ca/v-cars-trucks/longueuil-rive-sud/2020-subaru-forester-touring-eyesight-camera-de-recul-banc-c/1740035624,Kijiji
DISABLED_MANUAL_REVIEW_REQUIRED,location_verification_required,success,warnings_present,unverified_kijiji_location,success,2026-07-21T20:40:29+00:00,unverified_search_origin_not_listing_location,disabled_due_to_unverified_location,"Canmore, AB",242,2020,Subaru,Forester,convenience,1,24993,No change noted,First seen this week,0,24993,24993,0,0,31199,Unknown,Gas,Unknown,N/A,Unknown,Private,,,,,1740578471,https://www.kijiji.ca/v-cars-trucks/longueuil-rive-sud/2020-subaru-forester-convenience-camera-recul-carplay/1740578471,Kijiji
DISABLED_MANUAL_REVIEW_REQUIRED,location_verification_required,success,warnings_present,unverified_kijiji_location,success,2026-07-21T20:40:29+00:00,unverified_search_origin_not_listing_location,disabled_due_to_unverified_location,"Canmore, AB",242,2020,Subaru,Forester,convenience,1,24488,No change noted,First seen this week,0,24488,24488,0,0,46637,Unknown,Gas,Unknown,N/A,Unknown,Private,,,,,1740606529,https://www.kijiji.ca/v-cars-trucks/mississauga-peel-region/2020-subaru-forester-convenience-awd-cam-bt-heated-seat/1740606529,Kijiji
DISABLED_MANUAL_REVIEW_REQUIRED,location_verification_required,success,warnings_present,unverified_kijiji_location,success,2026-07-21T20:40:29+00:00,unverified_search_origin_not_listing_location,disabled_due_to_unverified_location,"Canmore, AB",242,2020,Subaru,Forester,convenience,1,25799,No change noted,First seen this week,0,25799,25799,0,0,81255,Unknown,Gas,Unknown,N/A,Unknown,Private,,,,,1740703842,https://www.kijiji.ca/v-cars-trucks/regina/2020-subaru-forester-convenience/1740703842,Kijiji
DISABLED_MANUAL_REVIEW_REQUIRED,location_verification_required,success,warnings_present,unverified_kijiji_location,success,2026-07-21T20:40:29+00:00,unverified_search_origin_not_listing_location,disabled_due_to_unverified_location,"Canmore, AB",242,2020,Subaru,Forester,limited,2,29988,No change noted,First seen this week,0,29988,29988,0,0,22000,Unknown,Gas,Unknown,N/A,Unknown,Private,,,,,1740800133,https://www.kijiji.ca/v-cars-trucks/oakville-halton-region/2020-subaru-forester-limited-awd-navi-pano-roof-tech-feats/1740800133,Kijiji
DISABLED_MANUAL_REVIEW_REQUIRED,location_verification_required,success,warnings_present,unverified_kijiji_location,success,2026-07-21T20:40:29+00:00,unverified_search_origin_not_listing_location,disabled_due_to_unverified_location,"Canmore, AB",242,2021,Subaru,Forester,convenience,1,22995,No change noted,Unchanged for 10 weeks,10,22995,22995,0,0,162000,Unknown,Gas,Unknown,N/A,Unknown,Private,,,,,1724447213,https://www.kijiji.ca/v-cars-trucks/fredericton/2021-subaru-forester-convenience/1724447213,Kijiji
DISABLED_MANUAL_REVIEW_REQUIRED,location_verification_required,success,warnings_present,unverified_kijiji_location,success,2026-07-21T20:40:29+00:00,unverified_search_origin_not_listing_location,disabled_due_to_unverified_location,"Canmore, AB",242,2021,Subaru,Forester,convenience,1,27900,No change noted,Down $445 over 8 weeks,8,28345,27900,0,-445,88303,Unknown,Gas,Unknown,N/A,Unknown,Private,,,,,1724490062,https://www.kijiji.ca/v-cars-trucks/regina/2021-subaru-forester-convenience-awd-starlink-heated-seats/1724490062,Kijiji
DISABLED_MANUAL_REVIEW_REQUIRED,location_verification_required,success,warnings_present,unverified_kijiji_location,success,2026-07-21T20:40:29+00:00,unverified_search_origin_not_listing_location,disabled_due_to_unverified_location,"Calgary, AB",149,2021,Subaru,Forester,Unknown,1,23988,No change noted,Unchanged for 10 weeks,10,23988,23988,0,0,127416,Unknown,Gas,Unknown,N/A,Unknown,Dealer,,,,,1735778502,https://www.kijiji.ca/v-cars-trucks/calgary/2021-subaru-forester-2-5i-backup-camera-heated-seats-lane-assit/1735778502,Kijiji
DISABLED_MANUAL_REVIEW_REQUIRED,location_verification_required,success,warnings_present,unverified_kijiji_location,success,2026-07-21T20:40:29+00:00,unverified_search_origin_not_listing_location,disabled_due_to_unverified_location,"Calgary, AB",149,2021,Subaru,Forester,Unknown,1,24998,No change noted,Unchanged for 10 weeks,10,24998,24998,0,0,80534,Unknown,Gas,Unknown,N/A,Unknown,Dealer,,,,,1736516658,https://www.kijiji.ca/v-cars-trucks/calgary/2021-subaru-forester-premier/1736516658,Kijiji
DISABLED_MANUAL_REVIEW_REQUIRED,location_verification_required,success,warnings_present,unverified_kijiji_location,success,2026-07-21T20:40:29+00:00,unverified_search_origin_not_listing_location,disabled_due_to_unverified_location,"Canmore, AB",242,2021,Subaru,Forester,Unknown,1,24886,No change noted,Down $900 over 8 weeks,8,25786,24887,-1,-900,111671,Unknown,Gas,No accidents reported,N/A,Unknown,Private,,,,,1737345429,https://www.kijiji.ca/v-cars-trucks/markham-york-region/2021-subaru-forester-premier-new-brakes-accident-free/1737345429,Kijiji
DISABLED_MANUAL_REVIEW_REQUIRED,location_verification_required,success,warnings_present,unverified_kijiji_location,success,2026-07-21T20:40:29+00:00,unverified_search_origin_not_listing_location,disabled_due_to_unverified_location,"Canmore, AB",242,2021,Subaru,Forester,touring,3,22995,No change noted,Unchanged for 9 weeks,9,22995,22995,0,0,154400,Unknown,Gas,Unknown,N/A,Unknown,Private,,,,,1737713877,https://www.kijiji.ca/v-cars-trucks/annapolis-valley/2021-subaru-forester-2-5i-touring-awd-clean-loaded-priced/1737713877,Kijiji
DISABLED_MANUAL_REVIEW_REQUIRED,location_verification_required,success,warnings_present,unverified_kijiji_location,success,2026-07-21T20:40:29+00:00,unverified_search_origin_not_listing_location,disabled_due_to_unverified_location,"Canmore, AB",242,2021,Subaru,Forester,touring,3,19995,No change noted,Unchanged for 8 weeks,8,19995,19995,0,0,191850,Unknown,Gas,Unknown,N/A,Unknown,Private,,,,,1737823176,https://www.kijiji.ca/v-cars-trucks/annapolis-valley/2021-subaru-forester-touring-awd-clean-loaded-new-inspecti/1737823176,Kijiji
DISABLED_MANUAL_REVIEW_REQUIRED,location_verification_required,success,warnings_present,unverified_kijiji_location,success,2026-07-21T20:40:29+00:00,unverified_search_origin_not_listing_location,disabled_due_to_unverified_location,"Calgary, AB",149,2021,Subaru,Forester,sport,2,27210,No change noted,Up $605 over 10 weeks,10,26605,27210,0,605,146426,Unknown,Gas,Unknown,N/A,Unknown,Unknown,,,,,1737933869,https://www.kijiji.ca/v-cars-trucks/calgary/2021-subaru-forester-sport/1737933869,Kijiji
DISABLED_MANUAL_REVIEW_REQUIRED,location_verification_required,success,warnings_present,unverified_kijiji_location,success,2026-07-21T20:40:29+00:00,unverified_search_origin_not_listing_location,disabled_due_to_unverified_location,"Canmore, AB",242,2021,Subaru,Forester,convenience,1,23490,No change noted,Down $300 over 1 weeks,1,23790,23790,-300,-300,92912,Unknown,Gas,Unknown,N/A,Unknown,Private,,,,,1738215826,https://www.kijiji.ca/v-cars-trucks/bedford/2021-subaru-forester-2-5i-convenience/1738215826,Kijiji
DISABLED_MANUAL_REVIEW_REQUIRED,location_verification_required,success,warnings_present,unverified_kijiji_location,success,2026-07-21T20:40:29+00:00,unverified_search_origin_not_listing_location,disabled_due_to_unverified_location,"Canmore, AB",242,2021,Subaru,Forester,limited,2,26998,No change noted,Unchanged for 3 weeks,3,26998,26998,0,0,127246,Unknown,Gas,No accidents reported,N/A,Unknown,Private,,,,,1739454333,https://www.kijiji.ca/v-cars-trucks/oakville-halton-region/2021-subaru-forester-2-5i-limited-eyesight-leather-navi-2-sets-t/1739454333,Kijiji
DISABLED_MANUAL_REVIEW_REQUIRED,location_verification_required,success,warnings_present,unverified_kijiji_location,success,2026-07-21T20:40:29+00:00,unverified_search_origin_not_listing_location,disabled_due_to_unverified_location,"Canmore, AB",242,2021,Subaru,Forester,Unknown,1,29988,No change noted,Unchanged for 4 weeks,4,29988,29988,0,0,74558,Unknown,Gas,Unknown,N/A,Unknown,Private,,,,,1739498609,https://www.kijiji.ca/v-cars-trucks/fredericton/2021-subaru-forester-premier/1739498609,Kijiji
DISABLED_MANUAL_REVIEW_REQUIRED,location_verification_required,success,warnings_present,unverified_kijiji_location,success,2026-07-21T20:40:29+00:00,unverified_search_origin_not_listing_location,disabled_due_to_unverified_location,"Canmore, AB",242,2021,Subaru,Forester,Unknown,1,24998,No change noted,Unchanged for 3 weeks,3,24998,24998,0,0,48009,Unknown,Gas,Unknown,N/A,Unknown,Private,,,,,1739685053,https://www.kijiji.ca/v-cars-trucks/annapolis-valley/2021-subaru-forester-priced-to-move-backup-cam-call-now/1739685053,Kijiji
DISABLED_MANUAL_REVIEW_REQUIRED,location_verification_required,success,warnings_present,unverified_kijiji_location,success,2026-07-21T20:40:29+00:00,unverified_search_origin_not_listing_location,disabled_due_to_unverified_location,"Canmore, AB",242,2021,Subaru,Forester,limited,2,28488,No change noted,Unchanged for 2 weeks,2,28488,28488,0,0,67421,Unknown,Gas,No accidents reported,N/A,Unknown,Private,,,,,1739964586,https://www.kijiji.ca/v-cars-trucks/markham-york-region/2021-subaru-forester-limited-limited-one-owner-no-accidents/1739964586,Kijiji
DISABLED_MANUAL_REVIEW_REQUIRED,location_verification_required,success,warnings_present,unverified_kijiji_location,success,2026-07-21T20:40:29+00:00,unverified_search_origin_not_listing_location,disabled_due_to_unverified_location,"Canmore, AB",242,2021,Subaru,Forester,sport,2,23995,No change noted,Up $285 over 1 weeks,1,23710,23710,285,285,116573,Unknown,Gas,Unknown,N/A,Unknown,Private,,,,,1740251351,https://www.kijiji.ca/v-cars-trucks/laval-rive-nord/2021-subaru-forester-sport-sieges-chauffants-toit-ouvrant-bi/1740251351,Kijiji
DISABLED_MANUAL_REVIEW_REQUIRED,location_verification_required,success,warnings_present,unverified_kijiji_location,success,2026-07-21T20:40:29+00:00,unverified_search_origin_not_listing_location,disabled_due_to_unverified_location,"Canmore, AB",242,2021,Subaru,Forester,touring,3,27988,No change noted,Down $900 over 1 weeks,1,28888,28888,-900,-900,43481,Unknown,Gas,No accidents reported,N/A,Unknown,Private,,,,,1740422761,https://www.kijiji.ca/v-cars-trucks/mississauga-peel-region/2021-subaru-forester-touring-touring-awd-2-sets-rims-tire/1740422761,Kijiji
DISABLED_MANUAL_REVIEW_REQUIRED,location_verification_required,success,warnings_present,unverified_kijiji_location,success,2026-07-21T20:40:29+00:00,unverified_search_origin_not_listing_location,disabled_due_to_unverified_location,"Canmore, AB",242,2021,Subaru,Forester,touring,3,31499,No change noted,First seen this week,0,31499,31499,0,0,34000,Unknown,Gas,Unknown,N/A,Unknown,Private,,,,,1740561887,https://www.kijiji.ca/v-cars-trucks/brockville/2021-subaru-forester-touring/1740561887,Kijiji
DISABLED_MANUAL_REVIEW_REQUIRED,location_verification_required,success,warnings_present,unverified_kijiji_location,success,2026-07-21T20:40:29+00:00,unverified_search_origin_not_listing_location,disabled_due_to_unverified_location,"Canmore, AB",242,2021,Subaru,Forester,limited,2,26993,No change noted,First seen this week,0,26993,26993,0,0,77907,2.5L,Gas,Unknown,N/A,Unknown,Private,,,,,1740580144,https://www.kijiji.ca/v-cars-trucks/longueuil-rive-sud/2021-subaru-forester-limited-2-5l-navi-cuir-harman-kardon/1740580144,Kijiji
DISABLED_MANUAL_REVIEW_REQUIRED,location_verification_required,success,warnings_present,unverified_kijiji_location,success,2026-07-21T20:40:29+00:00,unverified_search_origin_not_listing_location,disabled_due_to_unverified_location,"Canmore, AB",242,2021,Subaru,Forester,limited,2,26895,No change noted,First seen this week,0,26895,26895,0,0,82109,Unknown,Gas,Unknown,N/A,Unknown,Private,,,,,1740669494,https://www.kijiji.ca/v-cars-trucks/ville-de-montreal/2021-subaru-forester-limited-awd-cuir-toit-ouvrant-apple-c/1740669494,Kijiji
DISABLED_MANUAL_REVIEW_REQUIRED,location_verification_required,success,warnings_present,unverified_kijiji_location,success,2026-07-21T20:40:29+00:00,unverified_search_origin_not_listing_location,disabled_due_to_unverified_location,"Canmore, AB",242,2021,Subaru,Forester,limited,2,25888,No change noted,First seen this week,0,25888,25888,0,0,132270,Unknown,Gas,No accidents reported,N/A,Unknown,Private,,,,,1740696399,https://www.kijiji.ca/v-cars-trucks/mississauga-peel-region/2021-subaru-forester-limited-limited-1owner-clean-carfax/1740696399,Kijiji
DISABLED_MANUAL_REVIEW_REQUIRED,location_verification_required,success,warnings_present,unverified_kijiji_location,success,2026-07-21T20:40:29+00:00,unverified_search_origin_not_listing_location,disabled_due_to_unverified_location,"Edmonton, AB",154,2021,Subaru,Forester,sport,2,28999,No change noted,First seen this week,0,28999,28999,0,0,84976,Unknown,Gas,Unknown,N/A,Unknown,Dealer,,,,,1740700078,https://www.kijiji.ca/v-cars-trucks/edmonton/2021-subaru-forester-sport-certified-sunroof/1740700078,Kijiji
DISABLED_MANUAL_REVIEW_REQUIRED,location_verification_required,success,warnings_present,unverified_kijiji_location,success,2026-07-21T20:40:29+00:00,unverified_search_origin_not_listing_location,disabled_due_to_unverified_location,"Canmore, AB",242,2021,Subaru,Forester,Unknown,1,22500,No change noted,First seen this week,0,22500,22500,0,0,126000,Unknown,Gas,Unknown,N/A,Unknown,Private,,,,,1740791226,https://www.kijiji.ca/v-cars-trucks/city-of-toronto/clean-title/1740791226,Kijiji
DISABLED_MANUAL_REVIEW_REQUIRED,location_verification_required,success,warnings_present,unverified_kijiji_location,success,2026-07-21T20:40:29+00:00,unverified_search_origin_not_listing_location,disabled_due_to_unverified_location,"Canmore, AB",242,2021,Subaru,Forester,touring,3,21499,No change noted,First seen this week,0,21499,21499,0,0,145000,Unknown,Gas,Accident reported,N/A,Unknown,Private,,,,,1740835339,https://www.kijiji.ca/v-cars-trucks/sudbury/2021-subaru-forester-touring/1740835339,Kijiji
DISABLED_MANUAL_REVIEW_REQUIRED,location_verification_required,success,warnings_present,unverified_kijiji_location,success,2026-07-21T20:40:29+00:00,unverified_search_origin_not_listing_location,disabled_due_to_unverified_location,"Canmore, AB",242,2022,Subaru,Forester,touring,3,21495,No change noted,Unchanged for 8 weeks,8,21495,21495,0,0,181000,Unknown,Gas,Unknown,N/A,Unknown,Private,,,,,1728211328,https://www.kijiji.ca/v-cars-trucks/fredericton/2022-subaru-forester-touring/1728211328,Kijiji
DISABLED_MANUAL_REVIEW_REQUIRED,location_verification_required,success,warnings_present,unverified_kijiji_location,success,2026-07-21T20:40:29+00:00,unverified_search_origin_not_listing_location,disabled_due_to_unverified_location,"Canmore, AB",242,2022,Subaru,Forester,Unknown,1,24995,No change noted,"Down $1,000 over 10 weeks",10,25995,24995,0,-1000,49187,2.5L,Gas,Unknown,N/A,Unknown,Private,,,,,1730092326,https://www.kijiji.ca/v-cars-trucks/longueuil-rive-sud/2022-subaru-forester-2-5l-bancs-chauffants-carplay/1730092326,Kijiji
DISABLED_MANUAL_REVIEW_REQUIRED,location_verification_required,success,warnings_present,unverified_kijiji_location,success,2026-07-21T20:40:29+00:00,unverified_search_origin_not_listing_location,disabled_due_to_unverified_location,"Calgary, AB",149,2022,Subaru,Forester,premium,1,19988,No change noted,Unchanged for 10 weeks,10,19988,19988,0,0,170907,Unknown,Gas,Unknown,N/A,Unknown,Dealer,,,,,1734645734,https://www.kijiji.ca/v-cars-trucks/calgary/2022-subaru-forester-premium-fully-inspected/1734645734,Kijiji
DISABLED_MANUAL_REVIEW_REQUIRED,location_verification_required,success,warnings_present,unverified_kijiji_location,success,2026-07-21T20:40:29+00:00,unverified_search_origin_not_listing_location,disabled_due_to_unverified_location,"Regina, SK",786,2022,Subaru,Forester,Unknown,1,24995,No change noted,Unchanged for 10 weeks,10,24995,24995,0,0,140000,Unknown,Gas,Unknown,N/A,Unknown,Private,,,,,1735016745,https://www.kijiji.ca/v-cars-trucks/winnipeg/2022-subaru-forester-cvt/1735016745,Kijiji
DISABLED_MANUAL_REVIEW_REQUIRED,location_verification_required,success,warnings_present,unverified_kijiji_location,success,2026-07-21T20:40:29+00:00,unverified_search_origin_not_listing_location,disabled_due_to_unverified_location,"Canmore, AB",242,2022,Subaru,Forester,touring,3,24995,No change noted,"Down $2,000 over 10 weeks",10,26995,25995,-1000,-2000,123337,Unknown,Gas,No accidents reported,N/A,Unknown,Private,,,,,1735599733,https://www.kijiji.ca/v-cars-trucks/hamilton/2022-subaru-forester-touring-awd-no-accidents/1735599733,Kijiji
DISABLED_MANUAL_REVIEW_REQUIRED,location_verification_required,success,warnings_present,unverified_kijiji_location,success,2026-07-21T20:40:29+00:00,unverified_search_origin_not_listing_location,disabled_due_to_unverified_location,"Regina, SK",786,2022,Subaru,Forester,touring,3,25800,No change noted,"Down $2,000 over 10 weeks",10,27800,25800,0,-2000,113987,Unknown,Gas,Unknown,N/A,Unknown,Dealer,,,,,1735957227,https://www.kijiji.ca/v-cars-trucks/winnipeg/2022-subaru-forester-touring-cvt/1735957227,Kijiji
DISABLED_MANUAL_REVIEW_REQUIRED,location_verification_required,success,warnings_present,unverified_kijiji_location,success,2026-07-21T20:40:29+00:00,unverified_search_origin_not_listing_location,disabled_due_to_unverified_location,"Calgary, AB",149,2022,Subaru,Forester,convenience,1,25988,No change noted,Unchanged for 4 weeks,4,25988,25988,0,0,124998,Unknown,Gas,Unknown,N/A,Unknown,Dealer,,,,,1739436345,https://www.kijiji.ca/v-cars-trucks/calgary/2022-subaru-forester-convenience-backup-camera-lane-assist-push/1739436345,Kijiji
DISABLED_MANUAL_REVIEW_REQUIRED,location_verification_required,success,warnings_present,unverified_kijiji_location,success,2026-07-21T20:40:29+00:00,unverified_search_origin_not_listing_location,disabled_due_to_unverified_location,"Canmore, AB",242,2022,Subaru,Forester,convenience,1,27990,No change noted,Unchanged for 1 weeks,1,27990,27990,0,0,50000,Unknown,Gas,Unknown,N/A,Unknown,Private,,,,,1739704048,https://www.kijiji.ca/v-cars-trucks/bedford/2022-subaru-forester-convenience/1739704048,Kijiji
DISABLED_MANUAL_REVIEW_REQUIRED,location_verification_required,success,warnings_present,unverified_kijiji_location,success,2026-07-21T20:40:29+00:00,unverified_search_origin_not_listing_location,disabled_due_to_unverified_location,"Canmore, AB",242,2022,Subaru,Forester,wilderness,3,31395,No change noted,Unchanged for 3 weeks,3,31395,31395,0,0,60512,Unknown,Gas,Unknown,N/A,Unknown,Private,,,,,1739723479,https://www.kijiji.ca/v-cars-trucks/longueuil-rive-sud/2022-subaru-forester-wilderness/1739723479,Kijiji
DISABLED_MANUAL_REVIEW_REQUIRED,location_verification_required,success,warnings_present,unverified_kijiji_location,success,2026-07-21T20:40:29+00:00,unverified_search_origin_not_listing_location,disabled_due_to_unverified_location,"Canmore, AB",242,2022,Subaru,Forester,touring,3,30793,No change noted,Down $200 over 2 weeks,2,30993,30993,-200,-200,24548,Unknown,Gas,Unknown,N/A,Unknown,Private,,,,,1739936639,https://www.kijiji.ca/v-cars-trucks/longueuil-rive-sud/2022-subaru-forester-touring-eyesight-camera-de-recul-banc-c/1739936639,Kijiji
DISABLED_MANUAL_REVIEW_REQUIRED,location_verification_required,success,warnings_present,unverified_kijiji_location,success,2026-07-21T20:40:29+00:00,unverified_search_origin_not_listing_location,disabled_due_to_unverified_location,"Calgary, AB",149,2022,Subaru,Forester,Unknown,1,36495,No change noted,"Down $1,500 over 2 weeks",2,37995,37995,-1500,-1500,66196,Unknown,Gas,Unknown,N/A,Unknown,Unknown,,,,,1740097843,https://www.kijiji.ca/v-cars-trucks/calgary/2022-subaru-forester-premier-cvt-one-owner/1740097843,Kijiji
DISABLED_MANUAL_REVIEW_REQUIRED,location_verification_required,success,warnings_present,unverified_kijiji_location,success,2026-07-21T20:40:29+00:00,unverified_search_origin_not_listing_location,disabled_due_to_unverified_location,"Canmore, AB",242,2022,Subaru,Forester,Unknown,1,27995,No change noted,Unchanged for 1 weeks,1,27995,27995,0,0,62021,Unknown,Gas,Unknown,N/A,Unknown,Dealer,,,,,1740106069,https://www.kijiji.ca/v-cars-trucks/belleville/2022-subaru-forester-premier-cvt-for-sale/1740106069,Kijiji
DISABLED_MANUAL_REVIEW_REQUIRED,location_verification_required,success,warnings_present,unverified_kijiji_location,success,2026-07-21T20:40:29+00:00,unverified_search_origin_not_listing_location,disabled_due_to_unverified_location,"Calgary, AB",149,2022,Subaru,Forester,touring,3,27888,No change noted,Unchanged for 1 weeks,1,27888,27888,0,0,109198,Unknown,Gas,Unknown,N/A,Unknown,Dealer,,,,,1740289226,https://www.kijiji.ca/v-cars-trucks/calgary/2022-subaru-forester-touring/1740289226,Kijiji
DISABLED_MANUAL_REVIEW_REQUIRED,location_verification_required,success,warnings_present,unverified_kijiji_location,success,2026-07-21T20:40:29+00:00,unverified_search_origin_not_listing_location,disabled_due_to_unverified_location,"Canmore, AB",242,2022,Subaru,Forester,Unknown,1,22995,No change noted,Unchanged for 1 weeks,1,22995,22995,0,0,147000,Unknown,Gas,Unknown,N/A,Unknown,Private,,,,,1740365694,https://www.kijiji.ca/v-cars-trucks/summerside-pei/2022-subaru-forester/1740365694,Kijiji
DISABLED_MANUAL_REVIEW_REQUIRED,location_verification_required,success,warnings_present,unverified_kijiji_location,success,2026-07-21T20:40:29+00:00,unverified_search_origin_not_listing_location,disabled_due_to_unverified_location,"Canmore, AB",242,2022,Subaru,Forester,Unknown,1,29500,No change noted,First seen this week,0,29500,29500,0,0,37000,Unknown,Gas,Unknown,N/A,Unknown,Private,,,,,1740526178,https://www.kijiji.ca/v-cars-trucks/ville-de-montreal/2022-subaru-forester-2-5i-cvt/1740526178,Kijiji
DISABLED_MANUAL_REVIEW_REQUIRED,location_verification_required,success,warnings_present,unverified_kijiji_location,success,2026-07-21T20:40:29+00:00,unverified_search_origin_not_listing_location,disabled_due_to_unverified_location,"Edmonton, AB",154,2022,Subaru,Forester,wilderness,3,28900,No change noted,First seen this week,0,28900,28900,0,0,166000,Unknown,Gas,Unknown,N/A,Unknown,Unknown,,,,,1740547795,https://www.kijiji.ca/v-cars-trucks/edmonton/2022-subaru-forester-wilderness-package/1740547795,Kijiji
DISABLED_MANUAL_REVIEW_REQUIRED,location_verification_required,success,warnings_present,unverified_kijiji_location,success,2026-07-21T20:40:29+00:00,unverified_search_origin_not_listing_location,disabled_due_to_unverified_location,"Canmore, AB",242,2022,Subaru,Forester,touring,3,28988,No change noted,First seen this week,0,28988,28988,0,0,86378,Unknown,Gas,Unknown,N/A,Unknown,Private,,,,,1740647848,https://www.kijiji.ca/v-cars-trucks/guelph/2022-subaru-forester-touring-awd-sunroof-adaptive-cruise/1740647848,Kijiji
DISABLED_MANUAL_REVIEW_REQUIRED,location_verification_required,success,warnings_present,unverified_kijiji_location,success,2026-07-21T20:40:29+00:00,unverified_search_origin_not_listing_location,disabled_due_to_unverified_location,"Saskatoon, SK",538,2022,Subaru,Forester,sport,2,33398,No change noted,First seen this week,0,33398,33398,0,0,75848,Unknown,Gas,Unknown,N/A,Unknown,Unknown,,,,,1740704458,https://www.kijiji.ca/v-cars-trucks/saskatoon/2022-subaru-forester-sport-awd-heated-seats-wheel/1740704458,Kijiji
DISABLED_MANUAL_REVIEW_REQUIRED,location_verification_required,success,warnings_present,unverified_kijiji_location,success,2026-07-21T20:40:29+00:00,unverified_search_origin_not_listing_location,disabled_due_to_unverified_location,"Canmore, AB",242,2022,Subaru,Forester,limited,2,35898,No change noted,First seen this week,0,35898,35898,0,0,34571,Unknown,Gas,Unknown,N/A,Unknown,Dealer,,,,,1740841549,https://www.kijiji.ca/v-cars-trucks/city-of-toronto/2022-subaru-forester-limited-nice-low-km/1740841549,Kijiji
DISABLED_MANUAL_REVIEW_REQUIRED,location_verification_required,success,warnings_present,unverified_kijiji_location,success,2026-07-21T20:40:29+00:00,unverified_search_origin_not_listing_location,disabled_due_to_unverified_location,"Calgary, AB",149,2022,Subaru,Forester,convenience,1,31971,No change noted,First seen this week,0,31971,31971,0,0,36304,Unknown,Gas,Unknown,N/A,Unknown,Dealer,,,,,1740885123,https://www.kijiji.ca/v-cars-trucks/calgary/2022-subaru-forester-convenience/1740885123,Kijiji
DISABLED_MANUAL_REVIEW_REQUIRED,location_verification_required,success,warnings_present,unverified_kijiji_location,success,2026-07-21T20:40:29+00:00,unverified_search_origin_not_listing_location,disabled_due_to_unverified_location,"Canmore, AB",242,2023,Subaru,Forester,touring,3,24552,No change noted,"Down $1,948 over 10 weeks",10,26500,24552,0,-1948,113935,Unknown,Gas,Unknown,N/A,Unknown,Private,,,,,1731571251,https://www.kijiji.ca/v-cars-trucks/la-ronge/2023-subaru-forester-touring/1731571251,Kijiji
DISABLED_MANUAL_REVIEW_REQUIRED,location_verification_required,success,warnings_present,unverified_kijiji_location,success,2026-07-21T20:40:29+00:00,unverified_search_origin_not_listing_location,disabled_due_to_unverified_location,"Canmore, AB",242,2023,Subaru,Forester,wilderness,3,35888,No change noted,Down $500 over 10 weeks,10,36388,36388,-500,-500,30552,Unknown,Gas,Unknown,N/A,Unknown,Private,,,,,1731901124,https://www.kijiji.ca/v-cars-trucks/city-of-toronto/2023-subaru-forester-wilderness/1731901124,Kijiji
DISABLED_MANUAL_REVIEW_REQUIRED,location_verification_required,success,warnings_present,unverified_kijiji_location,success,2026-07-21T20:40:29+00:00,unverified_search_origin_not_listing_location,disabled_due_to_unverified_location,"Calgary, AB",149,2023,Subaru,Forester,touring,3,30995,No change noted,"Down $1,000 over 10 weeks",10,31995,31995,-1000,-1000,78023,Unknown,Gas,Unknown,N/A,Unknown,Dealer,,,,,1736553513,https://www.kijiji.ca/v-cars-trucks/calgary/2023-subaru-forester-touring-moonroof/1736553513,Kijiji
DISABLED_MANUAL_REVIEW_REQUIRED,location_verification_required,success,warnings_present,unverified_kijiji_location,success,2026-07-21T20:40:29+00:00,unverified_search_origin_not_listing_location,disabled_due_to_unverified_location,"Canmore, AB",242,2023,Subaru,Forester,Unknown,1,28499,No change noted,"Down $2,100 over 7 weeks",7,30599,28999,-500,-2100,58396,2.5L,Gas,No accidents reported,N/A,Unknown,Private,,,,,1737288578,https://www.kijiji.ca/v-cars-trucks/regina/2023-subaru-forester-2-5l-cvt-fresh-trade-no-accidents/1737288578,Kijiji
DISABLED_MANUAL_REVIEW_REQUIRED,location_verification_required,success,warnings_present,unverified_kijiji_location,success,2026-07-21T20:40:29+00:00,unverified_search_origin_not_listing_location,disabled_due_to_unverified_location,"Canmore, AB",242,2023,Subaru,Forester,touring,3,23998,No change noted,Unchanged for 10 weeks,10,23998,23998,0,0,106000,Unknown,Gas,Unknown,N/A,Unknown,Private,,,,,1737294225,https://www.kijiji.ca/v-cars-trucks/annapolis-valley/2023-subaru-forester-touring-carfax-power-seat-sunroof-awd/1737294225,Kijiji
DISABLED_MANUAL_REVIEW_REQUIRED,location_verification_required,success,warnings_present,unverified_kijiji_location,success,2026-07-21T20:40:29+00:00,unverified_search_origin_not_listing_location,disabled_due_to_unverified_location,"Canmore, AB",242,2023,Subaru,Forester,touring,3,30995,No change noted,"Down $1,754 over 7 weeks",7,32749,31995,-1000,-1754,34227,Unknown,Gas,Accident reported,N/A,Unknown,Private,,,,,1738665620,https://www.kijiji.ca/v-cars-trucks/longueuil-rive-sud/2023-subaru-forester-touring-awd-cruise-adapt-toit-ouvrant-cam-r/1738665620,Kijiji
DISABLED_MANUAL_REVIEW_REQUIRED,location_verification_required,success,warnings_present,unverified_kijiji_location,success,2026-07-21T20:40:29+00:00,unverified_search_origin_not_listing_location,disabled_due_to_unverified_location,"Canmore, AB",242,2023,Subaru,Forester,touring,3,24495,No change noted,Unchanged for 5 weeks,5,24495,24495,0,0,140776,Unknown,Gas,No accidents reported,N/A,Unknown,Private,,,,,1739259685,https://www.kijiji.ca/v-cars-trucks/hamilton/2023-subaru-forester-touring-awd-no-accidents/1739259685,Kijiji
DISABLED_MANUAL_REVIEW_REQUIRED,location_verification_required,success,warnings_present,unverified_kijiji_location,success,2026-07-21T20:40:29+00:00,unverified_search_origin_not_listing_location,disabled_due_to_unverified_location,"Canmore, AB",242,2023,Subaru,Forester,Unknown,1,24995,No change noted,Unchanged for 4 weeks,4,24995,24995,0,0,139012,Unknown,Gas,No accidents reported,N/A,Unknown,Private,,,,,1739409206,https://www.kijiji.ca/v-cars-trucks/hamilton/2023-subaru-forester-premier-no-accidents-panoramic-roof/1739409206,Kijiji
DISABLED_MANUAL_REVIEW_REQUIRED,location_verification_required,success,warnings_present,unverified_kijiji_location,success,2026-07-21T20:40:29+00:00,unverified_search_origin_not_listing_location,disabled_due_to_unverified_location,"Canmore, AB",242,2023,Subaru,Forester,sport,2,38500,No change noted,Unchanged for 4 weeks,4,38500,38500,0,0,14200,Unknown,Gas,No accidents reported,N/A,Unknown,Private,,,,,1739455844,https://www.kijiji.ca/v-cars-trucks/north-shore/subaru-forester-sport-2023-still-on-warranty-14200-km-38500/1739455844,Kijiji
DISABLED_MANUAL_REVIEW_REQUIRED,location_verification_required,success,warnings_present,unverified_kijiji_location,success,2026-07-21T20:40:29+00:00,unverified_search_origin_not_listing_location,disabled_due_to_unverified_location,"Canmore, AB",242,2023,Subaru,Forester,touring,3,31988,No change noted,"Down $1,000 over 4 weeks",4,32988,32488,-500,-1000,42171,Unknown,Gas,Unknown,N/A,Unknown,Private,,,,,1739500430,https://www.kijiji.ca/v-cars-trucks/markham-york-region/2023-subaru-forester-touring-touring-low-kms/1739500430,Kijiji
DISABLED_MANUAL_REVIEW_REQUIRED,location_verification_required,success,warnings_present,unverified_kijiji_location,success,2026-07-21T20:40:29+00:00,unverified_search_origin_not_listing_location,disabled_due_to_unverified_location,"Canmore, AB",242,2023,Subaru,Forester,touring,3,23495,No change noted,Unchanged for 3 weeks,3,23495,23495,0,0,165009,Unknown,Gas,No accidents reported,N/A,Unknown,Private,,,,,1739778863,https://www.kijiji.ca/v-cars-trucks/hamilton/2023-subaru-forester-touring-no-accidents-panoramic-roof/1739778863,Kijiji
DISABLED_MANUAL_REVIEW_REQUIRED,location_verification_required,success,warnings_present,unverified_kijiji_location,success,2026-07-21T20:40:29+00:00,unverified_search_origin_not_listing_location,disabled_due_to_unverified_location,"Canmore, AB",242,2023,Subaru,Forester,convenience,1,24500,No change noted,"Down $5,000 over 2 weeks",2,29500,28000,-3500,-5000,73000,Unknown,Gas,Unknown,N/A,Unknown,Private,,,,,1739934661,https://www.kijiji.ca/v-cars-trucks/charlottetown-pei/2023-subaru-forester/1739934661,Kijiji
DISABLED_MANUAL_REVIEW_REQUIRED,location_verification_required,success,warnings_present,unverified_kijiji_location,success,2026-07-21T20:40:29+00:00,unverified_search_origin_not_listing_location,disabled_due_to_unverified_location,"Canmore, AB",242,2023,Subaru,Forester,sport,2,35898,No change noted,Unchanged for 2 weeks,2,35898,35898,0,0,46029,Unknown,Gas,Unknown,N/A,Unknown,Private,,,,,1740149430,https://www.kijiji.ca/v-cars-trucks/guelph/2023-subaru-forester-sport-awd-eyesight-pano-roof/1740149430,Kijiji
DISABLED_MANUAL_REVIEW_REQUIRED,location_verification_required,success,warnings_present,unverified_kijiji_location,success,2026-07-21T20:40:29+00:00,unverified_search_origin_not_listing_location,disabled_due_to_unverified_location,"Canmore, AB",242,2023,Subaru,Forester,sport,2,32995,No change noted,Unchanged for 2 weeks,2,32995,32995,0,0,78018,Unknown,Gas,Unknown,N/A,Unknown,Private,,,,,1740152693,https://www.kijiji.ca/v-cars-trucks/ottawa/2023-subaru-forester-sport/1740152693,Kijiji
DISABLED_MANUAL_REVIEW_REQUIRED,location_verification_required,success,warnings_present,unverified_kijiji_location,success,2026-07-21T20:40:29+00:00,unverified_search_origin_not_listing_location,disabled_due_to_unverified_location,"Canmore, AB",242,2023,Subaru,Forester,wilderness,3,33295,No change noted,Unchanged for 1 weeks,1,33295,33295,0,0,54553,Unknown,Gas,Unknown,N/A,Unknown,Private,,,,,1740294144,https://www.kijiji.ca/v-cars-trucks/ville-de-montreal/2023-subaru-forester-wilderness-toit-ouvrant-sieges-chauff/1740294144,Kijiji
DISABLED_MANUAL_REVIEW_REQUIRED,location_verification_required,success,warnings_present,unverified_kijiji_location,success,2026-07-21T20:40:29+00:00,unverified_search_origin_not_listing_location,disabled_due_to_unverified_location,"Canmore, AB",242,2023,Subaru,Forester,Unknown,1,37733,No change noted,Unchanged for 1 weeks,1,37733,37733,0,0,16316,Unknown,Gas,Unknown,N/A,Unknown,Private,,,,,1740420420,https://www.kijiji.ca/v-cars-trucks/thunder-bay/2023-subaru-forester-premier/1740420420,Kijiji
DISABLED_MANUAL_REVIEW_REQUIRED,location_verification_required,success,warnings_present,unverified_kijiji_location,success,2026-07-21T20:40:29+00:00,unverified_search_origin_not_listing_location,disabled_due_to_unverified_location,"Canmore, AB",242,2023,Subaru,Forester,limited,2,29688,No change noted,Down $200 over 1 weeks,1,29888,29888,-200,-200,69710,Unknown,Gas,Unknown,N/A,Unknown,Private,,,,,1740422757,https://www.kijiji.ca/v-cars-trucks/mississauga-peel-region/2023-subaru-forester-limited-limited-awd-1-owner-leather/1740422757,Kijiji
DISABLED_MANUAL_REVIEW_REQUIRED,location_verification_required,success,warnings_present,unverified_kijiji_location,success,2026-07-21T20:40:29+00:00,unverified_search_origin_not_listing_location,disabled_due_to_unverified_location,"Canmore, AB",242,2023,Subaru,Forester,Unknown,1,31995,No change noted,Unchanged for 1 weeks,1,31995,31995,0,0,50250,Unknown,Gas,Unknown,N/A,Unknown,Private,,,,,1740470134,https://www.kijiji.ca/v-cars-trucks/owen-sound/2023-subaru-forester-touring-awd/1740470134,Kijiji
DISABLED_MANUAL_REVIEW_REQUIRED,location_verification_required,success,warnings_present,unverified_kijiji_location,success,2026-07-21T20:40:29+00:00,unverified_search_origin_not_listing_location,disabled_due_to_unverified_location,"Canmore, AB",242,2023,Subaru,Forester,limited,2,32495,No change noted,First seen this week,0,32495,32495,0,0,17895,Unknown,Gas,Unknown,N/A,Unknown,Private,,,,,1740734462,https://www.kijiji.ca/v-cars-trucks/longueuil-rive-sud/2023-subaru-forester-limited/1740734462,Kijiji
DISABLED_MANUAL_REVIEW_REQUIRED,location_verification_required,success,warnings_present,unverified_kijiji_location,success,2026-07-21T20:40:29+00:00,unverified_search_origin_not_listing_location,disabled_due_to_unverified_location,"Canmore, AB",242,2023,Subaru,Forester,limited,2,33976,No change noted,First seen this week,0,33976,33976,0,0,64481,Unknown,Gas,No accidents reported,N/A,Unknown,Private,,,,,1740798498,https://www.kijiji.ca/v-cars-trucks/oakville-halton-region/2023-subaru-forester-limited-cvt-no-accidents-9-service-records/1740798498,Kijiji
DISABLED_MANUAL_REVIEW_REQUIRED,location_verification_required,success,warnings_present,unverified_kijiji_location,success,2026-07-21T20:40:29+00:00,unverified_search_origin_not_listing_location,disabled_due_to_unverified_location,"Canmore, AB",242,2023,Subaru,Forester,sport,2,32996,No change noted,First seen this week,0,32996,32996,0,0,49989,Unknown,Gas,Unknown,N/A,Unknown,Unknown,,,,,1740841344,https://www.kijiji.ca/v-cars-trucks/oshawa-durham-region/2023-subaru-forester/1740841344,Kijiji
DISABLED_MANUAL_REVIEW_REQUIRED,location_verification_required,success,warnings_present,unverified_kijiji_location,success,2026-07-21T20:40:29+00:00,unverified_search_origin_not_listing_location,disabled_due_to_unverified_location,"Regina, SK",786,2024,Subaru,Forester,sport,2,36000,No change noted,"Down $1,498 over 10 weeks",10,37498,36882,-882,-1498,15612,Unknown,Gas,Unknown,N/A,Unknown,Private,,,,,1734645901,https://www.kijiji.ca/v-cars-trucks/winnipeg/2024-subaru-forester-sport-local-one-owner-smartph/1734645901,Kijiji
DISABLED_MANUAL_REVIEW_REQUIRED,location_verification_required,success,warnings_present,unverified_kijiji_location,success,2026-07-21T20:40:29+00:00,unverified_search_origin_not_listing_location,disabled_due_to_unverified_location,"Regina, SK",786,2024,Subaru,Forester,Unknown,1,42991,No change noted,Up $991 over 10 weeks,10,42000,41000,1991,991,16663,Unknown,Gas,Unknown,N/A,Unknown,Private,,,,,1737248552,https://www.kijiji.ca/v-cars-trucks/winnipeg/2024-subaru-forester-premier-navigation-two-tone-leather/1737248552,Kijiji
DISABLED_MANUAL_REVIEW_REQUIRED,location_verification_required,success,warnings_present,unverified_kijiji_location,success,2026-07-21T20:40:29+00:00,unverified_search_origin_not_listing_location,disabled_due_to_unverified_location,"Calgary, AB",149,2024,Subaru,Forester,touring,3,34384,No change noted,"Down $1,226 over 8 weeks",8,35610,34374,10,-1226,61159,Unknown,Gas,Unknown,N/A,Unknown,Unknown,,,,,1738250143,https://www.kijiji.ca/v-cars-trucks/calgary/2024-subaru-forester-touring/1738250143,Kijiji
DISABLED_MANUAL_REVIEW_REQUIRED,location_verification_required,success,warnings_present,unverified_kijiji_location,success,2026-07-21T20:40:29+00:00,unverified_search_origin_not_listing_location,disabled_due_to_unverified_location,"Canmore, AB",242,2024,Subaru,Forester,wilderness,3,37795,No change noted,"Down $4,200 over 8 weeks",8,41995,39995,-2200,-4200,25853,Unknown,Gas,No accidents reported,N/A,Unknown,Private,,,,,1738404572,https://www.kijiji.ca/v-cars-trucks/oakville-halton-region/2024-subaru-forester/1738404572,Kijiji
DISABLED_MANUAL_REVIEW_REQUIRED,location_verification_required,success,warnings_present,unverified_kijiji_location,success,2026-07-21T20:40:29+00:00,unverified_search_origin_not_listing_location,disabled_due_to_unverified_location,"Canmore, AB",242,2024,Subaru,Forester,touring,3,29998,No change noted,Unchanged for 6 weeks,6,29998,29998,0,0,71800,Unknown,Gas,Unknown,N/A,Unknown,Private,,,,,1738603358,https://www.kijiji.ca/v-cars-trucks/annapolis-valley/2024-subaru-forester-touring-carfax-awd-pano/1738603358,Kijiji
DISABLED_MANUAL_REVIEW_REQUIRED,location_verification_required,success,warnings_present,unverified_kijiji_location,success,2026-07-21T20:40:29+00:00,unverified_search_origin_not_listing_location,disabled_due_to_unverified_location,"Canmore, AB",242,2024,Subaru,Forester,wilderness,3,33900,No change noted,Unchanged for 7 weeks,7,33900,33900,0,0,26094,Unknown,Gas,Unknown,N/A,Unknown,Private,,,,,1738616379,https://www.kijiji.ca/v-cars-trucks/st-catharines/2024-subaru-forester-wilderness/1738616379,Kijiji
DISABLED_MANUAL_REVIEW_REQUIRED,location_verification_required,success,warnings_present,unverified_kijiji_location,success,2026-07-21T20:40:29+00:00,unverified_search_origin_not_listing_location,disabled_due_to_unverified_location,"Canmore, AB",242,2024,Subaru,Forester,wilderness,3,41990,No change noted,Unchanged for 5 weeks,5,41990,41990,0,0,27287,Unknown,Gas,Unknown,N/A,Unknown,Private,,,,,1738652876,https://www.kijiji.ca/v-cars-trucks/city-of-halifax/2024-subaru-forester-wilderness-awd-l-sunroof-heated-seats-a/1738652876,Kijiji
DISABLED_MANUAL_REVIEW_REQUIRED,location_verification_required,success,warnings_present,unverified_kijiji_location,success,2026-07-21T20:40:29+00:00,unverified_search_origin_not_listing_location,disabled_due_to_unverified_location,"Canmore, AB",242,2024,Subaru,Forester,Unknown,1,29995,No change noted,Unchanged for 7 weeks,7,29995,29995,0,0,53000,Unknown,Gas,No accidents reported,N/A,Unknown,Private,,,,,1738653448,https://www.kijiji.ca/v-cars-trucks/ottawa/2024-subaru-forester-awd-htd-seats-a-c-bt-apple-android-53/1738653448,Kijiji
DISABLED_MANUAL_REVIEW_REQUIRED,location_verification_required,success,warnings_present,unverified_kijiji_location,success,2026-07-21T20:40:29+00:00,unverified_search_origin_not_listing_location,disabled_due_to_unverified_location,"Canmore, AB",242,2024,Subaru,Forester,limited,2,32998,No change noted,"Down $2,000 over 7 weeks",7,34998,32998,0,-2000,77922,2.5L,Gas,Unknown,N/A,Unknown,Private,,,,,1738679388,https://www.kijiji.ca/v-cars-trucks/regina/2024-subaru-forester-limited-2-5l-cvt-leather-sunroof-power/1738679388,Kijiji
DISABLED_MANUAL_REVIEW_REQUIRED,location_verification_required,success,warnings_present,unverified_kijiji_location,success,2026-07-21T20:40:29+00:00,unverified_search_origin_not_listing_location,disabled_due_to_unverified_location,"Regina, SK",786,2024,Subaru,Forester,touring,3,30000,No change noted,Unchanged for 7 weeks,7,30000,30000,0,0,27000,Unknown,Gas,Unknown,N/A,Unknown,Private,,,,,1738859381,https://www.kijiji.ca/v-cars-trucks/winnipeg/2024-subaru-forester-touring/1738859381,Kijiji
DISABLED_MANUAL_REVIEW_REQUIRED,location_verification_required,success,warnings_present,unverified_kijiji_location,success,2026-07-21T20:40:29+00:00,unverified_search_origin_not_listing_location,disabled_due_to_unverified_location,"Canmore, AB",242,2024,Subaru,Forester,Unknown,1,38988,No change noted,Up $100 over 3 weeks,3,38888,38988,0,100,38623,Unknown,Gas,No accidents reported,N/A,Unknown,Private,,,,,1739404982,https://www.kijiji.ca/v-cars-trucks/mississauga-peel-region/2024-subaru-forester-premier-premier-awd-1owner-clean-carfa/1739404982,Kijiji
DISABLED_MANUAL_REVIEW_REQUIRED,location_verification_required,success,warnings_present,unverified_kijiji_location,success,2026-07-21T20:40:29+00:00,unverified_search_origin_not_listing_location,disabled_due_to_unverified_location,"Canmore, AB",242,2024,Subaru,Forester,Unknown,1,35495,No change noted,Unchanged for 3 weeks,3,35495,35495,0,0,31251,Unknown,Gas,Unknown,N/A,Unknown,Private,,,,,1739723337,https://www.kijiji.ca/v-cars-trucks/longueuil-rive-sud/2024-subaru-forester/1739723337,Kijiji
DISABLED_MANUAL_REVIEW_REQUIRED,location_verification_required,success,warnings_present,unverified_kijiji_location,success,2026-07-21T20:40:29+00:00,unverified_search_origin_not_listing_location,disabled_due_to_unverified_location,"Canmore, AB",242,2024,Subaru,Forester,touring,3,34995,No change noted,Unchanged for 2 weeks,2,34995,34995,0,0,46865,Unknown,Gas,Unknown,N/A,Unknown,Private,,,,,1739779432,https://www.kijiji.ca/v-cars-trucks/ottawa/2024-subaru-forester-touring/1739779432,Kijiji
DISABLED_MANUAL_REVIEW_REQUIRED,location_verification_required,success,warnings_present,unverified_kijiji_location,success,2026-07-21T20:40:29+00:00,unverified_search_origin_not_listing_location,disabled_due_to_unverified_location,"Edmonton, AB",154,2024,Subaru,Forester,wilderness,3,42999,No change noted,"Up $1,000 over 1 weeks",1,41999,41999,1000,1000,15851,Unknown,Gas,Unknown,N/A,Unknown,Dealer,,,,,1740152560,https://www.kijiji.ca/v-cars-trucks/edmonton/2024-subaru-forester-wilderness-certified/1740152560,Kijiji
DISABLED_MANUAL_REVIEW_REQUIRED,location_verification_required,success,warnings_present,unverified_kijiji_location,success,2026-07-21T20:40:29+00:00,unverified_search_origin_not_listing_location,disabled_due_to_unverified_location,"Canmore, AB",242,2024,Subaru,Forester,touring,3,34900,No change noted,First seen this week,0,34900,34900,0,0,52232,Unknown,Gas,Unknown,N/A,Unknown,Private,,,,,1740289293,https://www.kijiji.ca/v-cars-trucks/hamilton/2024-subaru-forester-touring/1740289293,Kijiji
DISABLED_MANUAL_REVIEW_REQUIRED,location_verification_required,success,warnings_present,unverified_kijiji_location,success,2026-07-21T20:40:29+00:00,unverified_search_origin_not_listing_location,disabled_due_to_unverified_location,"Canmore, AB",242,2024,Subaru,Forester,sport,2,36488,No change noted,Down $700 over 1 weeks,1,37188,37188,-700,-700,26157,Unknown,Gas,No accidents reported,N/A,Unknown,Private,,,,,1740422765,https://www.kijiji.ca/v-cars-trucks/mississauga-peel-region/2024-subaru-forester-sport-sport-awd-clean-carfax-1owne/1740422765,Kijiji
DISABLED_MANUAL_REVIEW_REQUIRED,location_verification_required,success,warnings_present,unverified_kijiji_location,success,2026-07-21T20:40:29+00:00,unverified_search_origin_not_listing_location,disabled_due_to_unverified_location,"Canmore, AB",242,2024,Subaru,Forester,Unknown,1,42888,No change noted,Unchanged for 1 weeks,1,42888,42888,0,0,11706,Unknown,Gas,No accidents reported,N/A,Unknown,Private,,,,,1740471600,https://www.kijiji.ca/v-cars-trucks/mississauga-peel-region/2024-subaru-forester-premier-premier-clean-carfax-1owner/1740471600,Kijiji
DISABLED_MANUAL_REVIEW_REQUIRED,location_verification_required,success,warnings_present,unverified_kijiji_location,success,2026-07-21T20:40:29+00:00,unverified_search_origin_not_listing_location,disabled_due_to_unverified_location,"Canmore, AB",242,2024,Subaru,Forester,sport,2,33988,No change noted,First seen this week,0,33988,33988,0,0,80100,Unknown,Gas,No accidents reported,N/A,Unknown,Private,,,,,1740696402,https://www.kijiji.ca/v-cars-trucks/mississauga-peel-region/2024-subaru-forester-sport-sport-1owner-clean-carfax-su/1740696402,Kijiji
DISABLED_MANUAL_REVIEW_REQUIRED,location_verification_required,success,warnings_present,unverified_kijiji_location,success,2026-07-21T20:40:29+00:00,unverified_search_origin_not_listing_location,disabled_due_to_unverified_location,"Canmore, AB",242,2024,Subaru,Forester,Unknown,1,30884,No change noted,First seen this week,0,30884,30884,0,0,28034,Unknown,Gas,Unknown,N/A,Unknown,Private,,,,,1740746429,https://www.kijiji.ca/v-cars-trucks/ville-de-montreal/2024-subaru-forester-awd/1740746429,Kijiji
DISABLED_MANUAL_REVIEW_REQUIRED,location_verification_required,success,warnings_present,unverified_kijiji_location,success,2026-07-21T20:40:29+00:00,unverified_search_origin_not_listing_location,disabled_due_to_unverified_location,"Canmore, AB",242,2024,Subaru,Forester,touring,3,32654,No change noted,First seen this week,0,32654,32654,0,0,58185,Unknown,Gas,Unknown,N/A,Unknown,Private,,,,,1740883821,https://www.kijiji.ca/v-cars-trucks/ville-de-montreal/2024-subaru-forester-touring-eyesight-cvt-awd/1740883821,Kijiji
