rank,year,make,model,trim,trim_tier,price,price_history,trend,weeks_tracked,price_first_seen,price_last_week,price_change_week,price_change_total,mileage,engine,fuel,accident_flag,days_on_market,dealer,seller_type,dealer_address,location,distance_km,distance_method,listing_id,url,score,source,duplicate_flag,kijiji_url,kijiji_price,kijiji_seller_type
1,2019,Subaru,Forester,touring,3,23495,No change noted,First seen this week,0,23495,23495,0,0,56171,Unknown,Gas,Unknown,N/A,Unknown,Private,"Canmore, AB","Canmore, AB",242,address,1740294530,https://www.kijiji.ca/v-cars-trucks/ville-de-montreal/2019-subaru-forester-touring-awd-cruise-mags-nouvel-arrivage/1740294530,0.36975592854590955,Kijiji,No,,,
2,2019,Subaru,Forester,touring,3,22586,No change noted,"Down $2,524 over 5 weeks",5,25110,22586,0,-2524,111746,Unknown,Gas,Unknown,N/A,Unknown,Dealer,"Calgary, AB","Calgary, AB",149,address,1739060814,https://www.kijiji.ca/v-cars-trucks/calgary/2019-subaru-forester/1739060814,0.39054513981623745,Kijiji,No,,,
3,2020,Subaru,Forester,touring,3,24993,No change noted,Unchanged for 1 weeks,1,24993,24993,0,0,61620,Unknown,Gas,Unknown,N/A,Unknown,Private,"Canmore, AB","Canmore, AB",242,address,1740035624,https://www.kijiji.ca/v-cars-trucks/longueuil-rive-sud/2020-subaru-forester-touring-eyesight-camera-de-recul-banc-c/1740035624,0.39203756190100814,Kijiji,No,,,
4,2023,Subaru,Forester,touring,3,27998,No change noted,First seen this week,0,27998,27998,0,0,48836,Unknown,Gas,Unknown,N/A,Unknown,Private,"Canmore, AB","Canmore, AB",242,address,1740449625,https://www.kijiji.ca/v-cars-trucks/fredericton/2023-subaru-forester-touring/1740449625,0.4157681494584102,Kijiji,No,,,
5,2023,Subaru,Forester,touring,3,23998,No change noted,Unchanged for 9 weeks,9,23998,23998,0,0,106000,Unknown,Gas,Unknown,N/A,Unknown,Private,"Canmore, AB","Canmore, AB",242,address,1737294225,https://www.kijiji.ca/v-cars-trucks/annapolis-valley/2023-subaru-forester-touring-carfax-power-seat-sunroof-awd/1737294225,0.41967458959431697,Kijiji,No,,,
6,2021,Subaru,Forester,touring,3,28888,No change noted,First seen this week,0,28888,28888,0,0,43481,Unknown,Gas,No accidents reported,N/A,Unknown,Private,"Canmore, AB","Canmore, AB",242,address,1740422761,https://www.kijiji.ca/v-cars-trucks/mississauga-peel-region/2021-subaru-forester-touring-touring-awd-2-sets-rims-tire/1740422761,0.42140957811449364,Kijiji,No,,,
7,2019,Subaru,Forester,Unknown,1,6375,No change noted,Unchanged for 1 weeks,1,6375,6375,0,0,175000,2.0L,Gas,Unknown,N/A,Unknown,Private,"Canmore, AB","Canmore, AB",242,address,1740175534,https://www.kijiji.ca/v-cars-trucks/ville-de-montreal/2019-hyundai-elantra-2-0l-4-cyl-manual-6-speed/1740175534,0.42522476182784474,Kijiji,No,,,
8,2021,Subaru,Forester,touring,3,26999,No change noted,Down $68 over 2 weeks,2,27067,27067,-68,-68,73988,Unknown,Gas,Unknown,N/A,Unknown,Private,"Canmore, AB","Canmore, AB",242,address,1739780400,https://www.kijiji.ca/v-cars-trucks/ottawa/2021-subaru-forester-touring-cvt/1739780400,0.4263587871924119,Kijiji,No,,,
9,2022,Subaru,Forester,touring,3,30993,No change noted,Unchanged for 1 weeks,1,30993,30993,0,0,24548,Unknown,Gas,Unknown,N/A,Unknown,Private,"Canmore, AB","Canmore, AB",242,address,1739936639,https://www.kijiji.ca/v-cars-trucks/longueuil-rive-sud/2022-subaru-forester-touring-eyesight-camera-de-recul-banc-c/1739936639,0.4292112991287948,Kijiji,No,,,
10,2023,Subaru,Forester,touring,3,24552,No change noted,"Down $1,948 over 9 weeks",9,26500,24552,0,-1948,113935,Unknown,Gas,Unknown,N/A,Unknown,Private,"Canmore, AB","Canmore, AB",242,address,1731571251,https://www.kijiji.ca/v-cars-trucks/ottawa/2023-subaru-forester-touring/1731571251,0.43314872257968406,Kijiji,No,,,
11,2020,Subaru,Forester,limited,2,12950,No change noted,"Down $2,000 over 7 weeks",7,14950,13450,-500,-2000,199201,Unknown,Gas,Unknown,N/A,Unknown,Private,"Canmore, AB","Canmore, AB",242,address,1738504326,https://www.kijiji.ca/v-cars-trucks/cambridge/2020-subaru-forester-limited-safety-certified-one-owner/1738504326,0.44827436401891546,Kijiji,No,,,
12,2021,Subaru,Forester,touring,3,19995,No change noted,Unchanged for 7 weeks,7,19995,19995,0,0,191850,Unknown,Gas,Unknown,N/A,Unknown,Private,"Canmore, AB","Canmore, AB",242,address,1737823176,https://www.kijiji.ca/v-cars-trucks/annapolis-valley/2021-subaru-forester-touring-awd-clean-loaded-new-inspecti/1737823176,0.4489077683263226,Kijiji,No,,,
13,2023,Subaru,Forester,touring,3,31995,No change noted,Down $754 over 6 weeks,6,32749,31995,0,-754,34227,Unknown,Gas,Accident reported,N/A,Unknown,Private,"Canmore, AB","Canmore, AB",242,address,1738665620,https://www.kijiji.ca/v-cars-trucks/longueuil-rive-sud/2023-subaru-forester-touring-awd-cruise-adapt-toit-ouvrant-cam-r/1738665620,0.44945023427229236,Kijiji,No,,,
14,2022,Subaru,Forester,touring,3,27888,No change noted,First seen this week,0,27888,27888,0,0,109198,Unknown,Gas,Unknown,N/A,Unknown,Dealer,"Calgary, AB","Calgary, AB",149,address,1740289226,https://www.kijiji.ca/v-cars-trucks/calgary/2022-subaru-forester-touring/1740289226,0.450104577548003,Kijiji,No,,,
15,2021,Subaru,Forester,touring,3,22995,No change noted,Unchanged for 8 weeks,8,22995,22995,0,0,154400,Unknown,Gas,Unknown,N/A,Unknown,Private,"Canmore, AB","Canmore, AB",242,address,1737713877,https://www.kijiji.ca/v-cars-trucks/annapolis-valley/2021-subaru-forester-2-5i-touring-awd-clean-loaded-priced/1737713877,0.4507724920780274,Kijiji,No,,,
16,2020,Subaru,Forester,sport,2,22600,No change noted,First seen this week,0,22600,22600,0,0,78500,Unknown,Gas,Unknown,N/A,Unknown,Private,"Canmore, AB","Canmore, AB",242,address,1740461963,https://www.kijiji.ca/v-cars-trucks/thetford-mines/subaru-forester-sport-2020/1740461963,0.4540631709292982,Kijiji,No,,,
17,2019,Subaru,Forester,convenience,1,16900,No change noted,Unchanged for 6 weeks,6,16900,16900,0,0,90000,Unknown,Gas,Unknown,N/A,Unknown,Private,"Calgary, AB","Calgary, AB",149,address,1738795946,https://www.kijiji.ca/v-cars-trucks/calgary/2019-subaru-forester/1738795946,0.4550302435786834,Kijiji,No,,,
18,2023,Subaru,Forester,touring,3,24495,No change noted,Unchanged for 4 weeks,4,24495,24495,0,0,140776,Unknown,Gas,No accidents reported,N/A,Unknown,Private,"Canmore, AB","Canmore, AB",242,address,1739259685,https://www.kijiji.ca/v-cars-trucks/hamilton/2023-subaru-forester-touring-awd-no-accidents/1739259685,0.45621472288387993,Kijiji,No,,,
19,2022,Subaru,Forester,touring,3,21495,No change noted,Unchanged for 7 weeks,7,21495,21495,0,0,181000,Unknown,Gas,Unknown,N/A,Unknown,Private,"Canmore, AB","Canmore, AB",242,address,1728211328,https://www.kijiji.ca/v-cars-trucks/fredericton/2022-subaru-forester-touring/1728211328,0.4568025332258472,Kijiji,No,,,
20,2022,Subaru,Forester,touring,3,25995,No change noted,"Down $1,000 over 9 weeks",9,26995,25995,0,-1000,123337,Unknown,Gas,No accidents reported,N/A,Unknown,Private,"Canmore, AB","Canmore, AB",242,address,1735599733,https://www.kijiji.ca/v-cars-trucks/hamilton/2022-subaru-forester-touring-awd-no-accidents/1735599733,0.4582840562249313,Kijiji,No,,,
21,2024,Subaru,Forester,touring,3,29998,No change noted,Unchanged for 5 weeks,5,29998,29998,0,0,71800,Unknown,Gas,Unknown,N/A,Unknown,Private,"Canmore, AB","Canmore, AB",242,address,1738603358,https://www.kijiji.ca/v-cars-trucks/annapolis-valley/2024-subaru-forester-touring-carfax-awd-pano/1738603358,0.45938750415340357,Kijiji,No,,,
22,2020,Subaru,Forester,sport,2,25993,No change noted,Unchanged for 2 weeks,2,25993,25993,0,0,42616,Unknown,Gas,Unknown,N/A,Unknown,Private,"Canmore, AB","Canmore, AB",242,address,1739619078,https://www.kijiji.ca/v-cars-trucks/longueuil-rive-sud/2020-subaru-forester-sport-toit-ouvrant-phare-a-del-carplay/1739619078,0.46189411942886416,Kijiji,No,,,
23,2023,Subaru,Forester,touring,3,32488,No change noted,Down $500 over 3 weeks,3,32988,32488,0,-500,42171,Unknown,Gas,Unknown,N/A,Unknown,Private,"Canmore, AB","Canmore, AB",242,address,1739500430,https://www.kijiji.ca/v-cars-trucks/markham-york-region/2023-subaru-forester-touring-touring-low-kms/1739500430,0.46222116965435733,Kijiji,No,,,
24,2022,Subaru,Forester,wilderness,3,31395,No change noted,Unchanged for 2 weeks,2,31395,31395,0,0,60512,Unknown,Gas,Unknown,N/A,Unknown,Private,"Canmore, AB","Canmore, AB",242,address,1739723479,https://www.kijiji.ca/v-cars-trucks/longueuil-rive-sud/2022-subaru-forester-wilderness/1739723479,0.46569422473844896,Kijiji,No,,,
25,2023,Subaru,Forester,touring,3,23495,No change noted,Unchanged for 2 weeks,2,23495,23495,0,0,165009,Unknown,Gas,No accidents reported,N/A,Unknown,Private,"Canmore, AB","Canmore, AB",242,address,1739778863,https://www.kijiji.ca/v-cars-trucks/hamilton/2023-subaru-forester-touring-no-accidents-panoramic-roof/1739778863,0.4659812009637422,Kijiji,No,,,
26,2024,Subaru,Forester,touring,3,34988,No change noted,Unchanged for 2 weeks,2,34988,34988,0,0,18182,Unknown,Gas,Unknown,N/A,Unknown,Private,"Canmore, AB","Canmore, AB",242,address,1739683967,https://www.kijiji.ca/v-cars-trucks/markham-york-region/2024-subaru-forester-touring-off-lease-low-kms-touring/1739683967,0.47015782461936806,Kijiji,No,,,
27,2023,Subaru,Forester,wilderness,3,33295,No change noted,First seen this week,0,33295,33295,0,0,54553,Unknown,Gas,Unknown,N/A,Unknown,Private,"Canmore, AB","Canmore, AB",242,address,1740294144,https://www.kijiji.ca/v-cars-trucks/ville-de-montreal/2023-subaru-forester-wilderness-toit-ouvrant-sieges-chauff/1740294144,0.48257650357146853,Kijiji,No,,,
28,2020,Subaru,Forester,limited,2,23495,No change noted,Down $500 over 2 weeks,2,23995,23495,0,-500,99778,Unknown,Gas,Unknown,N/A,Unknown,Private,"Canmore, AB","Canmore, AB",242,address,1739649964,https://www.kijiji.ca/v-cars-trucks/ville-de-montreal/2020-subaru-forester-limited-sieges-chauff-cuir-toit-pano/1739649964,0.48330951694632507,Kijiji,No,,,
29,2019,Subaru,Forester,sport,2,23995,No change noted,Unchanged for 1 weeks,1,23995,23995,0,0,97700,Unknown,Gas,Unknown,N/A,Unknown,Private,"Canmore, AB","Canmore, AB",242,address,1739918288,https://www.kijiji.ca/v-cars-trucks/annapolis-valley/2019-subaru-forester-sport-w-eyesight-awd-low-km-loaded/1739918288,0.48730146301790295,Kijiji,No,,,
30,2024,Subaru,Forester,touring,3,36258,No change noted,Down $457 over 2 weeks,2,36715,36715,-457,-457,28076,Unknown,Gas,Unknown,N/A,Unknown,Private,"Canmore, AB","Canmore, AB",242,address,1739734737,https://www.kijiji.ca/v-cars-trucks/prince-george/2024-subaru-forester-touring/1739734737,0.49371126150320965,Kijiji,No,,,
31,2020,Subaru,Forester,Touring | HEATED SEATS | SUNROOF | BACK UP CAMERA,3,26995,No change noted,First seen this week,0,26995,26995,0,0,100586,2.5L,Gasoline,Accident reported,N/A,Subaru Calgary,Dealer,"1100 Meridian Rd. N.E., CALGARY, AB, T2A 2N9","CALGARY, AB",149,city_center,300a006e-8d86-464e-b329-2ecb15128525,https://www.autotrader.ca/offers/subaru-forester-touring-heated-seats-sunroof-back-up-camera-gasoline-white-cat_ma67gr201384tr15027-300a006e-8d86-464e-b329-2ecb15128525,0.4940799723595899,AutoTrader,No,,,
32,2024,Subaru,Forester,touring,3,34995,No change noted,Unchanged for 1 weeks,1,34995,34995,0,0,46865,Unknown,Gas,Unknown,N/A,Unknown,Private,"Canmore, AB","Canmore, AB",242,address,1739779432,https://www.kijiji.ca/v-cars-trucks/ottawa/2024-subaru-forester-touring/1739779432,0.49559849359856106,Kijiji,No,,,
33,2023,Subaru,Forester,wilderness,3,36388,No change noted,Unchanged for 9 weeks,9,36388,36388,0,0,30552,Unknown,Gas,Unknown,N/A,Unknown,Private,"Canmore, AB","Canmore, AB",242,address,1731901124,https://www.kijiji.ca/v-cars-trucks/city-of-toronto/2023-subaru-forester-wilderness/1731901124,0.49741590487766013,Kijiji,No,,,
34,2021,Subaru,Forester,sport,2,28993,No change noted,Unchanged for 3 weeks,3,28993,28993,0,0,43537,Unknown,Gas,Unknown,N/A,Unknown,Private,"Canmore, AB","Canmore, AB",242,address,1739222200,https://www.kijiji.ca/v-cars-trucks/longueuil-rive-sud/2021-subaru-forester-sport-toit-ouvrant-phare-a-del-carplay/1739222200,0.4976832071705784,Kijiji,No,,,
35,2019,Subaru,Forester,limited,2,25933,No change noted,First seen this week,0,25933,25933,0,0,85440,Unknown,Gas,Unknown,N/A,Unknown,Private,"Canmore, AB","Canmore, AB",242,address,1740420392,https://www.kijiji.ca/v-cars-trucks/thunder-bay/2019-subaru-forester-2-5i-limited/1740420392,0.49905594968030714,Kijiji,No,,,
36,2021,Subaru,Forester,sport,2,23710,No change noted,First seen this week,0,23710,23710,0,0,115609,Unknown,Gas,Unknown,N/A,Unknown,Private,"Canmore, AB","Canmore, AB",242,address,1740251351,https://www.kijiji.ca/v-cars-trucks/laval-rive-nord/2021-subaru-forester-sport-sieges-chauffants-toit-ouvrant-bi/1740251351,0.49981246491463066,Kijiji,No,,,
37,2020,Subaru,Forester,limited,2,27999,No change noted,First seen this week,0,27999,27999,0,0,61222,Unknown,Gas,Unknown,N/A,Unknown,Private,"Canmore, AB","Canmore, AB",242,address,1740471111,https://www.kijiji.ca/v-cars-trucks/oakville-halton-region/2020-subaru-forester-limited/1740471111,0.501730452029686,Kijiji,No,,,
38,2023,Subaru,Forester,wilderness,3,38288,No change noted,Unchanged for 2 weeks,2,38288,38288,0,0,11110,Unknown,Gas,No accidents reported,N/A,Unknown,Private,"Canmore, AB","Canmore, AB",242,address,1739733653,https://www.kijiji.ca/v-cars-trucks/mississauga-peel-region/2023-subaru-forester-wilderness-wilderness-awd-1owner-clea/1739733653,0.5023776656194834,Kijiji,No,,,
39,2023,Subaru,Forester,TOURING AWD PANORAMIC SUNROOF HEATED WHEEL,3,31977,No change noted,Unchanged for 4 weeks,4,31977,31977,0,0,56618,2.5L,Gasoline,Unknown,N/A,Go Auto Sherwood Park,Dealer,"2335 Broadmoor Blvd, Sherwood Park, AB, T8H 1N1","Sherwood Park, AB",166,address,30aa9e1f-c0de-460f-961f-68130c90f471,https://www.autotrader.ca/offers/subaru-forester-touring-awd-panoramic-sunroof-heated-wheel-gasoline-cat_ma67gr201384tr15027-30aa9e1f-c0de-460f-961f-68130c90f471,0.5040038323968913,AutoTrader,No,,,
40,2022,Subaru,Forester,sport,2,27898,No change noted,Unchanged for 1 weeks,1,27898,27898,0,0,68999,Unknown,Gas,Unknown,N/A,Unknown,Private,"Canmore, AB","Canmore, AB",242,address,1740081320,https://www.kijiji.ca/v-cars-trucks/cornwall-on/2022-subaru-forester/1740081320,0.5074287262719883,Kijiji,No,,,
41,2023,Subaru,Forester,Touring  - Sunroof -  Power Liftgate,3,32788,No change noted,Down $211 over 1 weeks,1,32999,32999,-211,-211,54673,2.5L,Gasoline,Accident reported,N/A,Rally Subaru,Dealer,"5220 Gateway Boulevard NW, Edmonton, AB, T6H 4J7","Edmonton, AB",147,address,760670b0-c548-440e-b129-9f47278e861a,https://www.autotrader.ca/offers/subaru-forester-touring-sunroof-power-liftgate-gasoline-green-cat_ma67gr201384tr15027-760670b0-c548-440e-b129-9f47278e861a,0.508093608363276,AutoTrader,Yes — also on Kijiji,https://www.kijiji.ca/v-cars-trucks/edmonton/2023-subaru-forester-touring-sunroof-power-liftgate/1739831163,32788,Dealer
42,2023,Subaru,Forester,wilderness,3,35488,No change noted,Down $500 over 2 weeks,2,35988,35488,0,-500,54911,Unknown,Gas,Unknown,N/A,Unknown,Private,"Canmore, AB","Canmore, AB",242,address,1739636244,https://www.kijiji.ca/v-cars-trucks/markham-york-region/2023-subaru-forester-wilderness-wilderness-xmode/1739636244,0.5084596086769327,Kijiji,No,,,
43,2023,Subaru,Forester,limited,2,30500,No change noted,Down $495 over 7 weeks,7,30995,28995,1505,-495,40250,2.5L,Gas,Unknown,N/A,Unknown,Private,"Canmore, AB","Canmore, AB",242,address,1737550268,https://www.kijiji.ca/v-cars-trucks/ville-de-montreal/2023-subaru-forester-limited-2-5l-cvt/1737550268,0.5123461392258094,Kijiji,No,,,
44,2021,Subaru,Forester,limited,2,28488,No change noted,Unchanged for 1 weeks,1,28488,28488,0,0,67421,Unknown,Gas,No accidents reported,N/A,Unknown,Private,"Canmore, AB","Canmore, AB",242,address,1739964586,https://www.kijiji.ca/v-cars-trucks/markham-york-region/2021-subaru-forester-limited-limited-one-owner-no-accidents/1739964586,0.5129119742223309,Kijiji,No,,,
45,2019,Subaru,Forester,Eye Sight Sport Low KM,2,26594,No change noted,Down $404 over 4 weeks,4,26998,26711,-117,-404,64849,2.5L,Gasoline,Accident reported,N/A,Go Mazda,Dealer,"9710 - 35 Ave, EDMONTON, AB, T6E6J6","EDMONTON, AB",154,city_center,de052e8c-c8a4-4947-b038-8bde70cf742a,https://www.autotrader.ca/offers/subaru-forester-eye-sight-sport-low-km-gasoline-white-cat_ma67gr201384tr7238-de052e8c-c8a4-4947-b038-8bde70cf742a,0.5197030566996528,AutoTrader,No,,,
46,2019,Subaru,Forester,limited,2,17200,No change noted,First seen this week,0,17200,17200,0,0,226215,Unknown,Gas,No accidents reported,N/A,Unknown,Private,"Canmore, AB","Canmore, AB",242,address,1740286288,https://www.kijiji.ca/v-cars-trucks/london/2019-subaru-forester-limited-1-owner-clean-carfax/1740286288,0.5217054967242923,Kijiji,No,,,
47,2024,Subaru,Forester,Touring  - Sunroof -  Power Liftgate,3,31788,No change noted,Down $211 over 1 weeks,1,31999,31999,-211,-211,76311,2.5L,Gasoline,Accident reported,N/A,Rally Subaru,Dealer,"5220 Gateway Boulevard NW, Edmonton, AB, T6H 4J7","Edmonton, AB",147,address,fde55449-2e97-4b8b-8417-d6cf9055bc71,https://www.autotrader.ca/offers/subaru-forester-touring-sunroof-power-liftgate-gasoline-white-cat_ma67gr201384tr15027-fde55449-2e97-4b8b-8417-d6cf9055bc71,0.5229912136504601,AutoTrader,Yes — also on Kijiji,https://www.kijiji.ca/v-cars-trucks/edmonton/2024-subaru-forester-touring-sunroof-power-liftgate/1739734904,31788,Dealer
48,2024,Subaru,Forester,touring,3,30000,No change noted,Unchanged for 6 weeks,6,30000,30000,0,0,27000,Unknown,Gas,Unknown,N/A,Unknown,Private,"Regina, SK","Regina, SK",786,address,1738859381,https://www.kijiji.ca/v-cars-trucks/winnipeg/2024-subaru-forester-touring/1738859381,0.5236192773906189,Kijiji,No,,,
49,2023,Subaru,Forester,Touring  Moonroof,3,31995,No change noted,Unchanged for 8 weeks,8,31995,31995,0,0,78023,2.5L,Gasoline,Accident reported,N/A,South Trail Nissan,Dealer,"6603 130 Ave SE, Calgary, AB, T2Z5E1","Calgary, AB",166,address,91174c9e-a9c4-4af7-ac2b-86913621ecfb,https://www.autotrader.ca/offers/subaru-forester-touring-moonroof-gasoline-black-cat_ma67gr201384tr15027-91174c9e-a9c4-4af7-ac2b-86913621ecfb,0.531362972602023,AutoTrader,Yes — also on Kijiji,https://www.kijiji.ca/v-cars-trucks/calgary/2023-subaru-forester-touring-moonroof/1736553513,31995,Dealer
50,2024,Subaru,Forester,Touring,3,34374,No change noted,Down $736 over 4 weeks,4,35110,34423,-49,-736,61159,2.5L,Gasoline,Unknown,N/A,Capital Chevrolet Buick GMC Calgary,Dealer,"13103 Lake Fraser Drive South East, Calgary, AB, T2J3H5","Calgary, AB",149,city_center,2b2d9ad1-a84f-4226-80f1-62a6d1159c98,https://www.autotrader.ca/offers/subaru-forester-touring-gasoline-silver-cat_ma67gr201384tr15027-2b2d9ad1-a84f-4226-80f1-62a6d1159c98,0.5365698768069704,AutoTrader,Yes — also on Kijiji,https://www.kijiji.ca/v-cars-trucks/calgary/2024-subaru-forester-touring/1738250143,34374,Dealer
51,2024,Subaru,Forester,"Wilderness AWD, Clean, CPO, Avail. 3.99% OAC",3,39900,No change noted,Unchanged for 1 weeks,1,39900,39900,0,0,29000,2.5L,Gasoline,Unknown,N/A,Scott Subaru,Dealer,"6863 50th Ave., RED DEER, AB, T4N 4E2","RED DEER, AB",1,city_center,dcf04cfe-6272-47f3-b6b7-b4ee8ed1bdcd,https://www.autotrader.ca/offers/subaru-forester-wilderness-awd-clean-cpo-avail-3-99-oac-gasoline-green-cat_ma67gr201384tr15028-dcf04cfe-6272-47f3-b6b7-b4ee8ed1bdcd,0.5369510840024149,AutoTrader,No,,,
52,2019,Subaru,Forester,"SPORT, 2.5L H-4 ENG, HEATED FRONT SEATS, DUAL-ZONE",2,24888,No change noted,First seen this week,0,24888,24888,0,0,105739,2.5L,Gasoline,Unknown,N/A,Team Ford,Dealer,"3304 - 91 St., EDMONTON, AB, T6N 1C1","EDMONTON, AB",142,address,b1fc32f5-5925-4201-981e-44a01ea7639d,https://www.autotrader.ca/offers/subaru-forester-sport-2-5l-h-4-eng-heated-front-seats-dual-zone-gasoline-white-cat_ma67gr201384tr7238-b1fc32f5-5925-4201-981e-44a01ea7639d,0.5478794364961241,AutoTrader,No,,,
53,2024,Subaru,Forester,"TOURING, 2.5L I4, AWD",3,33900,"Reduced from $ 34,900,-","Down $2,000 over 5 weeks",5,35900,34900,-1000,-2000,25235,2.5L,Gasoline,Accident reported,N/A,Merlin Ford,Private,"3750 Idylwyld Drive North, SASKATOON, SK, S7K6G3","SASKATOON, SK",543,address,daa4c622-436a-405e-a2e5-dc3615f31904,https://www.autotrader.ca/offers/subaru-forester-touring-2-5l-i4-awd-gasoline-grey-cat_ma67gr201384tr15027-daa4c622-436a-405e-a2e5-dc3615f31904,0.559901887246412,AutoTrader,Yes — also on Kijiji,https://www.kijiji.ca/v-cars-trucks/st-catharines/2024-subaru-forester-wilderness/1738616379,33900,Private
54,2020,Subaru,Forester,Limited,2,24995,No change noted,"Down $1,000 over 5 weeks",5,25995,24995,0,-1000,130400,2.5L,Gasoline,Unknown,N/A,Double L Motors,Dealer,"1509 - 9 Avenue SE, Calgary, AB, T2G0T6","Calgary, AB",149,address,a9a1b340-af10-4bbf-ac12-76dba7e09ea1,https://www.autotrader.ca/offers/subaru-forester-limited-gasoline-black-cat_ma67gr201384tr15021-a9a1b340-af10-4bbf-ac12-76dba7e09ea1,0.5818103754549531,AutoTrader,Yes — also on Kijiji,https://www.kijiji.ca/v-cars-trucks/calgary/2020-subaru-forester-limited/1738417932,24995,Dealer
55,2019,Subaru,Forester,Convenience,1,24000,No change noted,Unchanged for 1 weeks,1,24000,24000,0,0,80773,2.5L,Gasoline,Unknown,N/A,Subaru City,Dealer,"17708-111 Ave. NW, Edmonton, AB, T5S 1P5","Edmonton, AB",165,address,d3dbde32-16c0-4f6f-8bb4-3fa308258fd3,https://www.autotrader.ca/offers/subaru-forester-convenience-gasoline-black-cat_ma67gr201384tr15009-d3dbde32-16c0-4f6f-8bb4-3fa308258fd3,0.5844711061252794,AutoTrader,No,,,
56,2022,Subaru,Forester,Limited | Navigation | Bluetooth Connection | Heat,2,31995,No change noted,First seen this week,0,31995,31995,0,0,64375,2.5L,Gasoline,Accident reported,N/A,Subaru Calgary,Dealer,"1100 Meridian Rd. N.E., CALGARY, AB, T2A 2N9","CALGARY, AB",149,city_center,4af096d6-330c-4d25-ba86-8e9aa66fa273,https://www.autotrader.ca/offers/subaru-forester-limited-navigation-bluetooth-connection-heat-gasoline-black-cat_ma67gr201384tr15021-4af096d6-330c-4d25-ba86-8e9aa66fa273,0.5858345382228298,AutoTrader,No,,,
57,2020,Subaru,Forester,Touring  - Sunroof -  Heated Seats,3,27900,No change noted,Unchanged for 2 weeks,2,27900,27900,0,0,107214,2.5L,Gasoline,No accidents reported,N/A,ENS Toyota,Private,"627 Brand Court, Saskatoon, SK, S7J 5L3","Saskatoon, SK",543,address,3fb6edee-9b10-4adb-910c-2117a8463555,https://www.autotrader.ca/offers/subaru-forester-touring-sunroof-heated-seats-gasoline-grey-cat_ma67gr201384tr15027-3fb6edee-9b10-4adb-910c-2117a8463555,0.5886327891327234,AutoTrader,Yes — also on Kijiji,https://www.kijiji.ca/v-cars-trucks/saskatoon/2020-subaru-forester-touring-sunroof-heated-seats/1739549987,27900,Private
58,2022,Subaru,Forester,Limited,2,32495,No change noted,Down $500 over 4 weeks,4,32995,32495,0,-500,64460,2.5L,Gasoline,Unknown,N/A,Genesis South Edmonton,Dealer,"10150 34 Ave NW, Edmonton, AB, T6E 6C8","Edmonton, AB",145,address,fb3da6c4-7800-4fba-ab6d-eddea1d2968f,https://www.autotrader.ca/offers/subaru-forester-limited-gasoline-black-cat_ma67gr201384tr15021-fb3da6c4-7800-4fba-ab6d-eddea1d2968f,0.5914484570881964,AutoTrader,No,,,
59,2020,Subaru,Forester,2.5i Convenience,1,26888,No change noted,Unchanged for 8 weeks,8,26888,26888,0,0,60333,2.5L,Gasoline,Unknown,N/A,Ezway Auto Group,Dealer,"9704 27 Avenue Northwest, Edmonton, AB, T6N 1B2","Edmonton, AB",154,city_center,301cbc85-1d0c-41f8-a7dc-a60da1e5ee93,https://www.autotrader.ca/offers/subaru-forester-2-5i-convenience-gasoline-blue-cat_ma67gr201384tr15009-301cbc85-1d0c-41f8-a7dc-a60da1e5ee93,0.592662659398366,AutoTrader,No,,,
60,2023,Subaru,Forester,"SPORT; EYESIGHT PKG, SUNROOF, AWD, HEATED SEATS/WH",2,28997,No change noted,First seen this week,0,28997,28997,0,0,103314,2.5L,Gasoline,Unknown,N/A,Toyota on the Trail,Dealer,"5210 Calgary Trail NW, Edmonton, AB, T6H 4J8","Edmonton, AB",147,address,581721cd-584f-4a19-9307-4f58278b7b88,https://www.autotrader.ca/offers/subaru-forester-sport-eyesight-pkg-sunroof-awd-heated-seats-wh-gasoline-silver-cat_ma67gr201384tr7238-581721cd-584f-4a19-9307-4f58278b7b88,0.5972460338732559,AutoTrader,No,,,
61,2023,Subaru,Forester,Limited | Back Up Camera | Lane Keeping Assist | H,2,34995,No change noted,Unchanged for 1 weeks,1,34995,34995,0,0,51874,2.5L,Gasoline,Accident reported,N/A,Subaru Calgary,Dealer,"1100 Meridian Rd. N.E., CALGARY, AB, T2A 2N9","CALGARY, AB",149,city_center,e9aa872c-1717-412a-a37f-448bb3c78769,https://www.autotrader.ca/offers/subaru-forester-limited-back-up-camera-lane-keeping-assist-h-gasoline-black-cat_ma67gr201384tr15021-e9aa872c-1717-412a-a37f-448bb3c78769,0.6075819061673305,AutoTrader,No,,,
62,2022,Subaru,Forester,Convenience | One Owner | Adaptive Cruise Control,1,25697,No change noted,"Down $2,200 over 9 weeks",9,27897,26597,-900,-2200,105502,2.5L,Gasoline,Accident reported,N/A,Red Deer Volkswagen,Dealer,"7 Mckenzie Drive, Red Deer, AB, T4S 2H4","Red Deer, AB",11,address,dc0f5391-de1d-4c2c-9f8c-4fbc22dd7efa,https://www.autotrader.ca/offers/subaru-forester-convenience-one-owner-adaptive-cruise-control-gasoline-black-cat_ma67gr201384tr15009-dc0f5391-de1d-4c2c-9f8c-4fbc22dd7efa,0.6078434355617004,AutoTrader,No,,,
63,2022,Subaru,Forester,"CVT, 2.5L H-4 ENG, HEATED FRONT SEATS, HEATED STEE",1,27487,No change noted,First seen this week,0,27487,27487,0,0,69965,2.5L,Gasoline,Accident reported,N/A,Team Ford,Dealer,"3304 - 91 St., EDMONTON, AB, T6N 1C1","EDMONTON, AB",142,address,05dea6ad-dffd-4d22-8d7d-8f7d3cdd5eeb,https://www.autotrader.ca/offers/subaru-forester-cvt-2-5l-h-4-eng-heated-front-seats-heated-stee-gasoline-black-cat_ma67gr201384-05dea6ad-dffd-4d22-8d7d-8f7d3cdd5eeb,0.6101002364757913,AutoTrader,No,,,
64,2020,Subaru,Forester,"pre-collision braking, adaptive cruise control, la",1,26998,No change noted,First seen this week,0,26998,26998,0,0,76000,2.5L,Gasoline,Accident reported,N/A,Go Mazda,Dealer,"9710 - 35 Ave, EDMONTON, AB, T6E6J6","EDMONTON, AB",154,city_center,6c66ad8b-2067-44f7-b3ec-99c39bb2903a,https://www.autotrader.ca/offers/subaru-forester-pre-collision-braking-adaptive-cruise-control-la-gasoline-grey-cat_ma67gr201384tr15009-6c66ad8b-2067-44f7-b3ec-99c39bb2903a,0.613901032625047,AutoTrader,No,,,
65,2024,Subaru,Forester,"Limited AWD, Leather, Nav, CPO, Avail. 3.99% OAC",2,37900,No change noted,Unchanged for 4 weeks,4,37900,37900,0,0,58681,2.5L,Gasoline,Unknown,N/A,Scott Subaru,Dealer,"6863 50th Ave., RED DEER, AB, T4N 4E2","RED DEER, AB",1,city_center,13813d7e-003d-41a9-b2d0-b130dbbd6f6f,https://www.autotrader.ca/offers/subaru-forester-limited-awd-leather-nav-cpo-avail-3-99-oac-gasoline-grey-cat_ma67gr201384tr15021-13813d7e-003d-41a9-b2d0-b130dbbd6f6f,0.6245128925802689,AutoTrader,No,,,
66,2022,Subaru,Forester,Convenience CarPlay Dual Zone Climate Control,1,25977,"Reduced from $ 27,977,-","Down $2,000 over 8 weeks",8,27977,25977,0,-2000,100939,2.5L,Gasoline,Unknown,N/A,Go Auto Sherwood Park,Dealer,"2335 Broadmoor Blvd, Sherwood Park, AB, T8H 1N1","Sherwood Park, AB",166,address,44c9d1f5-695e-4299-b980-d8aa207447cc,https://www.autotrader.ca/offers/subaru-forester-convenience-carplay-dual-zone-climate-control-gasoline-silver-cat_ma67gr201384tr15009-44c9d1f5-695e-4299-b980-d8aa207447cc,0.6349984008970516,AutoTrader,No,,,
67,2021,Subaru,Forester,2.5i BACKUP CAMERA HEATED SEATS LANE ASSIT /,1,23988,No change noted,Unchanged for 9 weeks,9,23988,23988,0,0,127416,2.5L,Gasoline,Accident reported,N/A,Auto House,Dealer,"2404 23rd Ave NE, CALGARY, AB, T2E8J4","CALGARY, AB",149,city_center,12964d16-62fd-41ca-ae44-9c9a164fe03f,https://www.autotrader.ca/offers/subaru-forester-2-5i-backup-camera-heated-seats-lane-assit-gasoline-white-cat_ma67gr201384-12964d16-62fd-41ca-ae44-9c9a164fe03f,0.6404087260295357,AutoTrader,No,,,
68,2019,Subaru,Forester,Convenience,1,18800,No change noted,"Down $1,700 over 5 weeks",5,20500,19200,-400,-1700,157775,2.5L,Gasoline,Unknown,N/A,Unknown,Dealer,,"Taber, AB",292,city_center,022baef7-738d-427d-b1b2-4d340a15a33c,https://www.autotrader.ca/offers/subaru-forester-convenience-gasoline-grey-cat_ma67gr201384-022baef7-738d-427d-b1b2-4d340a15a33c,0.6410320104057612,AutoTrader,No,,,
69,2021,Subaru,Forester,Touring AWD | EYESIGHT | STARLINK | HEATED SEATS,3,26995,No change noted,Unchanged for 2 weeks,2,26995,26995,0,0,126468,2.5L,Gasoline,Unknown,N/A,Auto Gallery Subaru,Dealer,"609 Winnipeg Street, REGINA, SK, S4R 8P2","REGINA, SK",784,address,cc05f5f8-630a-49be-95cc-40b239bed84d,https://www.autotrader.ca/offers/subaru-forester-touring-awd-eyesight-starlink-heated-seats-gasoline-black-cat_ma67gr201384tr15027-cc05f5f8-630a-49be-95cc-40b239bed84d,0.6474583392456177,AutoTrader,No,,,
70,2021,Subaru,Forester,Convenience | Bluetooth Connection | Back Up Camer,1,25995,No change noted,Unchanged for 2 weeks,2,25995,25995,0,0,115624,2.5L,Gasoline,Accident reported,N/A,Subaru Calgary,Dealer,"1100 Meridian Rd. N.E., CALGARY, AB, T2A 2N9","CALGARY, AB",149,city_center,652f5299-0b70-4c62-9cef-1ba7cab77178,https://www.autotrader.ca/offers/subaru-forester-convenience-bluetooth-connection-back-up-camer-gasoline-blue-cat_ma67gr201384tr15009-652f5299-0b70-4c62-9cef-1ba7cab77178,0.6506112331688783,AutoTrader,No,,,
71,2020,Subaru,Forester,Premier,1,27500,No change noted,Down $500 over 4 weeks,4,28000,28000,-500,-500,107625,2.5L,Gasoline,Unknown,N/A,Subaru City,Dealer,"17708-111 Ave. NW, Edmonton, AB, T5S 1P5","Edmonton, AB",165,address,c091489d-64b3-409d-b8b5-4458ec7587aa,https://www.autotrader.ca/offers/subaru-forester-premier-gasoline-black-cat_ma67gr201384tr15022-c091489d-64b3-409d-b8b5-4458ec7587aa,0.6623691009936102,AutoTrader,No,,,
72,2022,Subaru,Forester,Convenience BACKUP CAMERA LANE ASSIST PUSH BUTTON,1,25988,No change noted,Unchanged for 3 weeks,3,25988,25988,0,0,124998,2.5L,Gasoline,Accident reported,N/A,Auto House,Dealer,"2404 23rd Ave NE, CALGARY, AB, T2E8J4","CALGARY, AB",149,city_center,19a171ca-a132-4d1b-a523-79ad5c66c587,https://www.autotrader.ca/offers/subaru-forester-convenience-backup-camera-lane-assist-push-button-gasoline-black-cat_ma67gr201384tr15009-19a171ca-a132-4d1b-a523-79ad5c66c587,0.662406258285147,AutoTrader,No,,,
73,2019,Subaru,Forester,Sport,2,28777,No change noted,First seen this week,0,28777,28777,0,0,99200,2.5L,Gasoline,Unknown,N/A,Subaru of Saskatoon,Dealer,"321 Circle Dr W, Saskatoon, SK, S7L 5S8","Saskatoon, SK",539,address,23615ce6-2a6b-41a4-837a-07f31e715d34,https://www.autotrader.ca/offers/subaru-forester-sport-gasoline-blue-cat_ma67gr201384tr7238-23615ce6-2a6b-41a4-837a-07f31e715d34,0.6637044999982933,AutoTrader,No,,,
74,2020,Subaru,Forester,2.5i Premier,1,27999,"Reduced from $ 29,999,-","Down $2,000 over 4 weeks",4,29999,27999,0,-2000,135862,2.5L,Gasoline,Unknown,N/A,Kipp Scott GMC Cadillac Buick,Dealer,"6841 50 Ave, RED DEER, AB, T4N 4E2","RED DEER, AB",3,address,cabd80a8-78b2-4026-b29f-6e4520032c32,https://www.autotrader.ca/offers/subaru-forester-2-5i-premier-gasoline-white-cat_ma67gr201384tr15022-cabd80a8-78b2-4026-b29f-6e4520032c32,0.6736567506127349,AutoTrader,No,,,
75,2024,Subaru,Forester,Touring | X-MODE AWD | STARLINK | EYESIGHT,3,35995,No change noted,Unchanged for 2 weeks,2,35995,35995,0,0,58363,2.5L,Gasoline,Unknown,N/A,Auto Gallery Subaru,Dealer,"609 Winnipeg Street, REGINA, SK, S4R 8P2","REGINA, SK",784,address,5c0abcc6-9741-463e-86d8-883c7ab725f4,https://www.autotrader.ca/offers/subaru-forester-touring-x-mode-awd-starlink-eyesight-gasoline-silver-cat_ma67gr201384tr15027-5c0abcc6-9741-463e-86d8-883c7ab725f4,0.6739084925166101,AutoTrader,No,,,
76,2023,Subaru,Forester,| Subaru EyeSight Driver Assist Technology | Backu,1,28995,No change noted,First seen this week,0,28995,28995,0,0,114232,2.5L,Gasoline,Accident reported,N/A,Subaru Calgary,Dealer,"1100 Meridian Rd. N.E., CALGARY, AB, T2A 2N9","CALGARY, AB",149,city_center,571d26c3-676e-402a-9cc9-c6e1a1e89750,https://www.autotrader.ca/offers/subaru-forester-subaru-eyesight-driver-assist-technology-backu-gasoline-grey-cat_ma67gr201384-571d26c3-676e-402a-9cc9-c6e1a1e89750,0.6864406800232189,AutoTrader,No,,,
77,2022,Subaru,Forester,Sport | AWD | Heated Seats & Wheel,2,33398,No change noted,First seen this week,0,33398,33398,0,0,75848,Unknown,Gasoline,Unknown,N/A,Dodge City Auto,Dealer,"2200 8th Street East, SASKATOON, SK, S7H 0V3","SASKATOON, SK",542,address,416ca519-b412-4db2-bcd3-34bd0bf0d693,https://www.autotrader.ca/offers/subaru-forester-sport-awd-heated-seats-wheel-gasoline-white-cat_ma67gr201384tr7238-416ca519-b412-4db2-bcd3-34bd0bf0d693,0.6925797405055474,AutoTrader,No,,,
78,2022,Subaru,Forester,Premier AWD | Surround View Monitor | Ventilated S,1,35987,No change noted,"Down $1,301 over 4 weeks",4,37288,36587,-600,-1301,77144,2.5L,Gasoline,Accident reported,N/A,Kia Red Deer,Dealer,"2949 50 Ave, Red Deer, AB, T4R1H1","Red Deer, AB",3,address,516799d1-1849-47f3-887a-8e34e1646b86,https://www.autotrader.ca/offers/subaru-forester-premier-awd-surround-view-monitor-ventilated-s-gasoline-white-cat_ma67gr201384tr15022-516799d1-1849-47f3-887a-8e34e1646b86,0.6993244232009554,AutoTrader,No,,,
79,2024,Subaru,Forester,Limited 2.5L CVT LEATHER / SUNROOF / POWER TAILGAT,2,32998,No change noted,"Down $2,000 over 7 weeks",7,34998,32998,0,-2000,77922,2.5L,Gasoline,Unknown,N/A,Regina Nissan,Dealer,"111 Broad St., REGINA, SK, S4R 2E4","REGINA, SK",783,address,0b6b414f-65ad-49a5-b2a5-1f285814f37c,https://www.autotrader.ca/offers/subaru-forester-limited-2-5l-cvt-leather-sunroof-power-tailgat-gasoline-cat_ma67gr201384tr15021-0b6b414f-65ad-49a5-b2a5-1f285814f37c,0.7359557632188938,AutoTrader,No,,,
80,2023,Subaru,Forester,2.5L CVT Fresh Trade! No Accidents!,1,28999,No change noted,"Down $1,600 over 9 weeks",9,30599,28999,0,-1600,58396,2.5L,Gasoline,No accidents reported,N/A,Regina Nissan,Dealer,"111 Broad St., REGINA, SK, S4R 2E4","REGINA, SK",783,address,b08eb0cb-cbd6-481e-97e1-753a8fcc635c,https://www.autotrader.ca/offers/subaru-forester-2-5l-cvt-fresh-trade-no-accidents-gasoline-white-cat_ma67gr201384-b08eb0cb-cbd6-481e-97e1-753a8fcc635c,0.7360912778889472,AutoTrader,No,,,
81,2021,Subaru,Forester,CONVENIENCE,1,27900,No change noted,Down $445 over 9 weeks,9,28345,28345,-445,-445,88303,2.5L,Gasoline,Unknown,N/A,Wheat Country Motors,Dealer,"680 Winnipeg Street, REGINA, SK, S4R1H8","REGINA, SK",785,address,1629b416-8f03-4f91-9ac6-a09a1bb287e6,https://www.autotrader.ca/offers/subaru-forester-convenience-gasoline-red-cat_ma67gr201384tr15009-1629b416-8f03-4f91-9ac6-a09a1bb287e6,0.7606100440362573,AutoTrader,No,,,
82,2021,Subaru,Forester,Premier  | AWD | LEATHER | SUNROOF |,1,31995,No change noted,Unchanged for 3 weeks,3,31995,31995,0,0,58930,2.5L,Gasoline,Unknown,N/A,OLYMPIC SUPER CENTER,Dealer,"665 University Park Dr, REGINA, SK, S4R2V8","REGINA, SK",790,address,fd238ac1-2f5b-4b36-a785-df86c40132e8,https://www.autotrader.ca/offers/subaru-forester-premier-awd-leather-sunroof-gasoline-white-cat_ma67gr201384tr15022-fd238ac1-2f5b-4b36-a785-df86c40132e8,0.7756411647880596,AutoTrader,No,,,
