rank,year,make,model,trim,trim_tier,price,price_history,mileage,engine,fuel,accident_flag,days_on_market,dealer,seller_type,dealer_address,location,distance_km,distance_method,listing_id,url,score,source
1,2022,Subaru,Forester,touring,3,26888,No change noted,32750,Unknown,Gas,Unknown,N/A,Unknown,Private,"Spruce Grove, AB","Spruce Grove, AB",178,address,1727499601,https://www.kijiji.ca/v-cars-trucks/oakville-halton-region/2022-subaru-forester-touring-pkg-blind-spot-monitor-reverse/1727499601,0.3829646525625043,Kijiji
2,2019,Subaru,Forester,touring,3,23990,No change noted,72000,Unknown,Gas,No accidents reported,N/A,Unknown,Private,"Spruce Grove, AB","Spruce Grove, AB",178,address,1737519693,https://www.kijiji.ca/v-cars-trucks/city-of-toronto/2019-subaru-forester-touring-w-eyesight/1737519693,0.383100469085333,Kijiji
3,2019,Subaru,Forester,touring,3,23990,No change noted,72000,Unknown,Gas,No accidents reported,N/A,Unknown,Private,"Spruce Grove, AB","Spruce Grove, AB",178,address,1737510559,https://www.kijiji.ca/v-cars-trucks/bedford/2019-subaru-forester-touring-w-eyesight/1737510559,0.383100469085333,Kijiji
4,2019,Subaru,Forester,touring,3,23990,No change noted,72000,Unknown,Gas,No accidents reported,N/A,Unknown,Private,"Spruce Grove, AB","Spruce Grove, AB",178,address,1737519576,https://www.kijiji.ca/v-cars-trucks/ottawa/2019-subaru-forester-touring-w-eyesight/1737519576,0.383100469085333,Kijiji
5,2019,Subaru,Forester,touring,3,22977,No change noted,95255,Unknown,Gas,No accidents reported,N/A,Unknown,Private,"Spruce Grove, AB","Spruce Grove, AB",178,address,1724119727,https://www.kijiji.ca/v-cars-trucks/city-of-toronto/2019-subaru-forester-2-5i-touring-w-eye-sight-pkg-no-accidents/1724119727,0.39156211503984445,Kijiji
6,2019,Subaru,Forester,touring,3,22989,No change noted,108000,Unknown,Gas,Unknown,N/A,Unknown,Dealer,"Camrose, AB","Camrose, AB",141,address,1737165785,https://www.kijiji.ca/v-cars-trucks/st-albert/2019-subaru-forester-2-5i-touring-w-eyesight-pkg-for-sale/1737165785,0.39589061638699635,Kijiji
7,2021,Subaru,Forester,touring,3,26899,No change noted,49574,Unknown,Gas,Unknown,N/A,Unknown,Dealer,"Spruce Grove, AB","Spruce Grove, AB",178,address,1737660548,https://www.kijiji.ca/v-cars-trucks/oakville-halton-region/2021-subaru-forester-2-5i-touring/1737660548,0.3979417954448598,Kijiji
8,2022,Subaru,Forester,touring,3,23101,No change noted,112038,Unknown,Gas,Unknown,N/A,Unknown,Private,"Spruce Grove, AB","Spruce Grove, AB",178,address,1737504633,https://www.kijiji.ca/v-cars-trucks/moncton/2022-subaru-forester-touring-awd-back-up-camera-heated-seats/1737504633,0.4078483159288409,Kijiji
9,2023,Subaru,Forester,touring,3,23998,No change noted,106000,Unknown,Gas,Unknown,N/A,Unknown,Private,"Spruce Grove, AB","Spruce Grove, AB",178,address,1737294225,https://www.kijiji.ca/v-cars-trucks/annapolis-valley/2023-subaru-forester-touring-carfax-power-seat-sunroof-awd/1737294225,0.41319870748060117,Kijiji
10,2022,Subaru,Forester,touring,3,23793,No change noted,108930,Unknown,Gas,Unknown,N/A,Unknown,Private,"Spruce Grove, AB","Spruce Grove, AB",178,address,1736683708,https://www.kijiji.ca/v-cars-trucks/longueuil-rive-sud/2022-subaru-forester-touring-camera-de-recul-banc-chauffant/1736683708,0.41334378396303934,Kijiji
11,2023,Subaru,Forester,touring,3,28899,No change noted,46548,Unknown,Gas,Unknown,N/A,Unknown,Private,"Spruce Grove, AB","Spruce Grove, AB",178,address,1733601311,https://www.kijiji.ca/v-cars-trucks/mississauga-peel-region/2023-subaru-forester-touring-touring-one-owner-low-km-a/1733601311,0.4190810522276809,Kijiji
12,2020,Subaru,Forester,touring,3,24900,No change noted,107336,Unknown,Gas,Unknown,N/A,Unknown,Private,"Spruce Grove, AB","Spruce Grove, AB",178,address,1732945400,https://www.kijiji.ca/v-cars-trucks/st-catharines/2020-subaru-forester-2-5i-touring/1732945400,0.4251157441422505,Kijiji
13,2023,Subaru,Forester,touring,3,31295,No change noted,23776,Unknown,Gas,Accident reported,N/A,Unknown,Private,"Spruce Grove, AB","Spruce Grove, AB",178,address,1736385020,https://www.kijiji.ca/v-cars-trucks/ville-de-montreal/2023-subaru-forester-touring-eyesight-cvt/1736385020,0.4275099110799527,Kijiji
14,2023,Subaru,Forester,touring,3,29990,No change noted,49328,Unknown,Gas,Unknown,N/A,Unknown,Private,"Spruce Grove, AB","Spruce Grove, AB",178,address,1737579299,https://www.kijiji.ca/v-cars-trucks/fredericton/2023-subaru-forester-touring/1737579299,0.43452233396089623,Kijiji
15,2019,Subaru,Forester,sport,2,21488,No change noted,80201,Unknown,Gas,Accident reported,N/A,Unknown,Private,"Spruce Grove, AB","Spruce Grove, AB",178,address,1737189746,https://www.kijiji.ca/v-cars-trucks/longueuil-rive-sud/subaru-forester-2-5i-sport-eyesight-2019/1737189746,0.4355516549602231,Kijiji
16,2023,Subaru,Forester,touring,3,33343,No change noted,10163,Unknown,Gas,Unknown,N/A,Unknown,Private,"Spruce Grove, AB","Spruce Grove, AB",178,address,1737925470,https://www.kijiji.ca/v-cars-trucks/ville-de-montreal/2023-subaru-forester-touring-cvt/1737925470,0.4398781916054842,Kijiji
17,2021,Subaru,Forester,touring,3,19995,No change noted,191850,Unknown,Gas,Unknown,N/A,Unknown,Private,"Spruce Grove, AB","Spruce Grove, AB",178,address,1737823176,https://www.kijiji.ca/v-cars-trucks/annapolis-valley/2021-subaru-forester-touring-awd-clean-loaded-new-inspecti/1737823176,0.44130152133341505,Kijiji
18,2021,Subaru,Forester,touring,3,22995,No change noted,154400,Unknown,Gas,Unknown,N/A,Unknown,Private,"Spruce Grove, AB","Spruce Grove, AB",178,address,1737713877,https://www.kijiji.ca/v-cars-trucks/annapolis-valley/2021-subaru-forester-2-5i-touring-awd-clean-loaded-priced/1737713877,0.44396838465840294,Kijiji
19,2022,Subaru,Forester,touring,3,21495,No change noted,181000,Unknown,Gas,Unknown,N/A,Unknown,Private,"Spruce Grove, AB","Spruce Grove, AB",178,address,1728211328,https://www.kijiji.ca/v-cars-trucks/fredericton/2022-subaru-forester-touring/1728211328,0.44958417733010714,Kijiji
20,2023,Subaru,Forester,touring,3,26500,No change noted,113935,Unknown,Gas,Unknown,N/A,Unknown,Private,"Spruce Grove, AB","Spruce Grove, AB",178,address,1731571251,https://www.kijiji.ca/v-cars-trucks/ottawa/2023-subaru-forester-touring/1731571251,0.44998659257163126,Kijiji
21,2022,Subaru,Forester,touring,3,33500,No change noted,61380,Unknown,Gas,No accidents reported,N/A,Unknown,Private,"Red Deer, AB","Red Deer, AB",1,address,1724537661,https://www.kijiji.ca/v-cars-trucks/penticton/2022-subaru-forester-touring-cvt-no-accidents-bc-vehicle-a/1724537661,0.45316460345758747,Kijiji
22,2019,Subaru,Forester,sport,2,23490,No change noted,76455,Unknown,Gas,Unknown,N/A,Unknown,Private,"Spruce Grove, AB","Spruce Grove, AB",178,address,1736458109,https://www.kijiji.ca/v-cars-trucks/bedford/2019-subaru-forester-2-5i-sport-w-eyesight-pkg/1736458109,0.4560793636134413,Kijiji
23,2021,Subaru,Forester,sport,2,14999,No change noted,195881,Unknown,Gas,Unknown,N/A,Unknown,Private,"Spruce Grove, AB","Spruce Grove, AB",178,address,1737268802,https://www.kijiji.ca/v-cars-trucks/lanaudiere/2021-subaru-forester-sport/1737268802,0.4603824512751487,Kijiji
24,2023,Subaru,Forester,touring,3,27999,No change noted,105847,Unknown,Gas,Unknown,N/A,Unknown,Private,"Spruce Grove, AB","Spruce Grove, AB",178,address,1737552477,https://www.kijiji.ca/v-cars-trucks/ottawa/2023-subaru-forester-touring-awd-eyesight-heated-seats/1737552477,0.46069464636020335,Kijiji
25,2022,Subaru,Forester,touring,3,26995,No change noted,123337,Unknown,Gas,No accidents reported,N/A,Unknown,Private,"Spruce Grove, AB","Spruce Grove, AB",178,address,1735599733,https://www.kijiji.ca/v-cars-trucks/hamilton/2022-subaru-forester-touring-awd-no-accidents/1735599733,0.46417616173863196,Kijiji
26,2023,Subaru,Forester,touring,3,33788,No change noted,32096,Unknown,Gas,No accidents reported,N/A,Unknown,Private,"Spruce Grove, AB","Spruce Grove, AB",178,address,1737502073,https://www.kijiji.ca/v-cars-trucks/mississauga-peel-region/2023-subaru-forester-touring-touring-clean-carfax-1owner/1737502073,0.4645303931701785,Kijiji
27,2019,Subaru,Forester,limited,2,24590,No change noted,72165,Unknown,Gas,Unknown,N/A,Unknown,Private,"Spruce Grove, AB","Spruce Grove, AB",178,address,1734939555,https://www.kijiji.ca/v-cars-trucks/bedford/2019-subaru-forester-2-5i-limited-w-eyesight-pkg/1734939555,0.4653889290237639,Kijiji
28,2019,Subaru,Forester,sport,2,24495,No change noted,78290,Unknown,Gas,Unknown,N/A,Unknown,Private,"Spruce Grove, AB","Spruce Grove, AB",178,address,1736870452,https://www.kijiji.ca/v-cars-trucks/granby/2019-subaru-forester-sport-2-5i-awd/1736870452,0.46966292890274336,Kijiji
29,2020,Subaru,Forester,sport,2,16995,No change noted,179663,Unknown,Gas,Unknown,N/A,Unknown,Private,"Spruce Grove, AB","Spruce Grove, AB",178,address,1736711707,https://www.kijiji.ca/v-cars-trucks/ottawa/2020-subaru-forester-sport/1736711707,0.46983292489393913,Kijiji
30,2019,Subaru,Forester,convenience,1,17900,No change noted,90000,Unknown,Gas,Unknown,N/A,Unknown,Private,"Calgary, AB","Calgary, AB",149,address,1737178689,https://www.kijiji.ca/v-cars-trucks/calgary/2019-subaru-forester-convenience-awd/1737178689,0.47095005927560485,Kijiji
31,2020,Subaru,Forester,sport,2,23790,No change noted,90415,Unknown,Gas,Accident reported,N/A,Unknown,Private,"Spruce Grove, AB","Spruce Grove, AB",178,address,1735920107,https://www.kijiji.ca/v-cars-trucks/bedford/2020-subaru-forester-2-5i-sport/1735920107,0.4719696711315881,Kijiji
32,2020,Subaru,Forester,sport,2,23790,No change noted,90415,Unknown,Gas,Accident reported,N/A,Unknown,Private,"Spruce Grove, AB","Spruce Grove, AB",178,address,1735919313,https://www.kijiji.ca/v-cars-trucks/city-of-toronto/2020-subaru-forester-2-5i-sport/1735919313,0.4719696711315881,Kijiji
33,2023,Subaru,Forester,touring,3,28850,No change noted,108512,Unknown,Gas,Unknown,N/A,Unknown,Private,"Spruce Grove, AB","Spruce Grove, AB",178,address,1735359697,https://www.kijiji.ca/v-cars-trucks/guelph/2023-subaru-forester-touring-awd-sunroof-adaptive-cruise/1735359697,0.473177304499967,Kijiji
34,2022,Subaru,Forester,touring,3,23500,No change noted,181500,Unknown,Gas,Unknown,N/A,Unknown,Private,"Spruce Grove, AB","Spruce Grove, AB",178,address,1735280241,https://www.kijiji.ca/v-cars-trucks/fredericton/subaru-forester/1735280241,0.47389444554180227,Kijiji
35,2020,Subaru,Forester,limited,2,24890,No change noted,78358,Unknown,Gas,Unknown,N/A,Unknown,Private,"Spruce Grove, AB","Spruce Grove, AB",178,address,1735710730,https://www.kijiji.ca/v-cars-trucks/city-of-toronto/2020-subaru-forester-2-5i-limited/1735710730,0.4744253158557244,Kijiji
36,2020,Subaru,Forester,limited,2,24890,No change noted,78358,Unknown,Gas,Unknown,N/A,Unknown,Private,"Spruce Grove, AB","Spruce Grove, AB",178,address,1735711468,https://www.kijiji.ca/v-cars-trucks/bedford/2020-subaru-forester-2-5i-limited/1735711468,0.4744253158557244,Kijiji
37,2020,Subaru,Forester,limited,2,24890,No change noted,78358,Unknown,Gas,Unknown,N/A,Unknown,Private,"Spruce Grove, AB","Spruce Grove, AB",178,address,1735711091,https://www.kijiji.ca/v-cars-trucks/ottawa/2020-subaru-forester-2-5i-limited/1735711091,0.4744253158557244,Kijiji
38,2024,Subaru,Forester,touring,3,34990,No change noted,29886,Unknown,Gas,No accidents reported,N/A,Unknown,Private,"Spruce Grove, AB","Spruce Grove, AB",178,address,1736726905,https://www.kijiji.ca/v-cars-trucks/bedford/2024-subaru-forester-touring/1736726905,0.47688972196020035,Kijiji
39,2024,Subaru,Forester,touring,3,34990,No change noted,29886,Unknown,Gas,No accidents reported,N/A,Unknown,Private,"Spruce Grove, AB","Spruce Grove, AB",178,address,1736675503,https://www.kijiji.ca/v-cars-trucks/ottawa/2024-subaru-forester-touring/1736675503,0.47688972196020035,Kijiji
40,2024,Subaru,Forester,touring,3,34990,No change noted,29886,Unknown,Gas,No accidents reported,N/A,Unknown,Private,"Spruce Grove, AB","Spruce Grove, AB",178,address,1736675431,https://www.kijiji.ca/v-cars-trucks/city-of-toronto/2024-subaru-forester-touring/1736675431,0.47688972196020035,Kijiji
41,2022,Subaru,Forester,sport,2,26908,No change noted,54481,Unknown,Gas,Unknown,N/A,Unknown,Private,"Spruce Grove, AB","Spruce Grove, AB",178,address,1735400798,https://www.kijiji.ca/v-cars-trucks/ville-de-montreal/2022-subaru-forester-sport-eyesight-cvt/1735400798,0.47737907719824524,Kijiji
42,2020,Subaru,Forester,convenience,1,15101,No change noted,128881,Unknown,Gas,Unknown,N/A,Unknown,Private,"Spruce Grove, AB","Spruce Grove, AB",178,address,1736170035,https://www.kijiji.ca/v-cars-trucks/moncton/2020-subaru-forester-convenience-awd-heated-seats-as-traded/1736170035,0.47747317757466945,Kijiji
43,2023,Subaru,Forester,touring,3,31995,No change noted,78023,Unknown,Gas,Unknown,N/A,Unknown,Dealer,"Calgary, AB","Calgary, AB",149,address,1736553513,https://www.kijiji.ca/v-cars-trucks/calgary/2023-subaru-forester-touring-moonroof/1736553513,0.47817868024694576,Kijiji
44,2023,Subaru,Forester,wilderness,3,33993,No change noted,45262,2.5L,Gas,Unknown,N/A,Unknown,Private,"Spruce Grove, AB","Spruce Grove, AB",178,address,1734101773,https://www.kijiji.ca/v-cars-trucks/longueuil-rive-sud/2023-subaru-forester-wilderness-2-5l-sieges-chauff-carplay/1734101773,0.4785890900062487,Kijiji
45,2019,Subaru,Forester,sport,2,18990,No change noted,163000,Unknown,Gas,No accidents reported,N/A,Unknown,Private,"Spruce Grove, AB","Spruce Grove, AB",178,address,1737863577,https://www.kijiji.ca/v-cars-trucks/bedford/clean-carfax-we-can-finanncee-it/1737863577,0.4788788074233685,Kijiji
46,2019,Subaru,Forester,limited,2,23498,No change noted,102741,Unknown,Gas,Unknown,N/A,Unknown,Dealer,"Spruce Grove, AB","Spruce Grove, AB",178,address,1733736387,https://www.kijiji.ca/v-cars-trucks/banff-canmore/2019-subaru-forester-2-5i-limited-awd-coming-soon-clean-c/1733736387,0.4793704507053438,Kijiji
47,2020,Subaru,Forester,Unknown,1,19500,No change noted,72935,Unknown,Gas,Unknown,N/A,Unknown,Private,"Spruce Grove, AB","Spruce Grove, AB",178,address,1736743538,https://www.kijiji.ca/v-cars-trucks/moncton/2020-subaru-forester/1736743538,0.480473170641203,Kijiji
48,2024,Subaru,Forester,touring,3,34998,No change noted,38475,Unknown,Gas,Unknown,N/A,Unknown,Private,"Spruce Grove, AB","Spruce Grove, AB",178,address,1735305475,https://www.kijiji.ca/v-cars-trucks/guelph/2024-subaru-forester-touring-awd-sunroof-heated-seats/1735305475,0.48456424739593723,Kijiji
49,2023,Subaru,Forester,touring,3,27995,No change noted,137017,Unknown,Gas,Unknown,N/A,Unknown,Private,"Spruce Grove, AB","Spruce Grove, AB",178,address,1735350478,https://www.kijiji.ca/v-cars-trucks/kingston-on/2023-subaru-forester-touring-moonroof-eye-sight-package/1735350478,0.48815271905822955,Kijiji
50,2024,Subaru,Forester,touring,3,36733,No change noted,19859,Unknown,Gas,Unknown,N/A,Unknown,Private,"Spruce Grove, AB","Spruce Grove, AB",178,address,1736604621,https://www.kijiji.ca/v-cars-trucks/thunder-bay/2024-subaru-forester-touring/1736604621,0.4887914841952474,Kijiji
